InstanceSize,SelectionMethod,CrossoverMethod,PopulationSize,MaxGenerations,SelectionRate,MutationRate,AvgRelativeError,MaxRelativeError,TimeElapsed
40,Tournament,TwoPoint,20,20,0.3,0.02,0.05402147917939563,1,1
40,Tournament,TwoPoint,20,20,0.3,0.05,0.06297746581527558,1,1
40,Tournament,TwoPoint,20,20,0.3,0.1,0.1422537945159836,1,1
40,Tournament,TwoPoint,20,20,0.4,0.02,0.057412298656079136,1,1
40,Tournament,TwoPoint,20,20,0.4,0.05,0.08393840523724737,0.6976657189884782,1
40,Tournament,TwoPoint,20,20,0.4,0.1,0.17164217342579577,1,1
40,Tournament,TwoPoint,20,20,0.5,0.02,0.08777920906117774,1,1
40,Tournament,TwoPoint,20,20,0.5,0.05,0.13053098128823523,1,1
40,Tournament,TwoPoint,20,20,0.5,0.1,0.19785492527562848,1,1
40,Tournament,TwoPoint,20,20,0.6,0.02,0.1140098502404822,1,1
40,Tournament,TwoPoint,20,20,0.6,0.05,0.17623246104673942,1,1
40,Tournament,TwoPoint,20,20,0.6,0.1,0.24083018198340933,1,1
40,Tournament,TwoPoint,20,20,0.7,0.02,0.152310418532133,1,1
40,Tournament,TwoPoint,20,20,0.7,0.05,0.23095171349670462,1,1
40,Tournament,TwoPoint,20,20,0.7,0.1,0.2900526439046853,1,1
40,Tournament,TwoPoint,20,40,0.3,0.02,0.030082619533359126,0.2737650147164108,2
40,Tournament,TwoPoint,20,40,0.3,0.05,0.048741344745715794,1,2
40,Tournament,TwoPoint,20,40,0.3,0.1,0.13660934510421288,1,2
40,Tournament,TwoPoint,20,40,0.4,0.02,0.03279097259989444,0.552979078832233,2
40,Tournament,TwoPoint,20,40,0.4,0.05,0.07201088904111025,1,2
40,Tournament,TwoPoint,20,40,0.4,0.1,0.16305086475826205,1,3
40,Tournament,TwoPoint,20,40,0.5,0.02,0.032416615840887404,0.3995306658181529,2
40,Tournament,TwoPoint,20,40,0.5,0.05,0.10804163642491277,1,2
40,Tournament,TwoPoint,20,40,0.5,0.1,0.20321934887874218,1,3
40,Tournament,TwoPoint,20,40,0.6,0.02,0.05907083919348203,1,3
40,Tournament,TwoPoint,20,40,0.6,0.05,0.1659497439880144,1,3
40,Tournament,TwoPoint,20,40,0.6,0.1,0.235320902667788,1,2
40,Tournament,TwoPoint,20,40,0.7,0.02,0.12099854349140404,1,3
40,Tournament,TwoPoint,20,40,0.7,0.05,0.21507765967105189,1,3
40,Tournament,TwoPoint,20,40,0.7,0.1,0.29392879413823486,1,2
40,Tournament,TwoPoint,20,60,0.3,0.02,0.029657349878225596,0.15606763429597487,3
40,Tournament,TwoPoint,20,60,0.3,0.05,0.04330894155069947,1,3
40,Tournament,TwoPoint,20,60,0.3,0.1,0.1245287483098345,1,3
40,Tournament,TwoPoint,20,60,0.4,0.02,0.030155481832060814,0.2180415241428685,3
40,Tournament,TwoPoint,20,60,0.4,0.05,0.05883081892755194,0.47570951169634396,3
40,Tournament,TwoPoint,20,60,0.4,0.1,0.1658161924590672,1,4
40,Tournament,TwoPoint,20,60,0.5,0.02,0.03257204014351179,0.3975021875745764,4
40,Tournament,TwoPoint,20,60,0.5,0.05,0.10545396090404967,1,3
40,Tournament,TwoPoint,20,60,0.5,0.1,0.20012709505403448,1,4
40,Tournament,TwoPoint,20,60,0.6,0.02,0.04907706402753952,1,4
40,Tournament,TwoPoint,20,60,0.6,0.05,0.15930072324902353,1,4
40,Tournament,TwoPoint,20,60,0.6,0.1,0.24056060502449494,1,4
40,Tournament,TwoPoint,20,60,0.7,0.02,0.1086876708633369,1,4
40,Tournament,TwoPoint,20,60,0.7,0.05,0.22451974747411677,1,4
40,Tournament,TwoPoint,20,60,0.7,0.1,0.287895156612138,1,4
40,Tournament,TwoPoint,20,80,0.3,0.02,0.03136293701414713,0.2653329090764458,4
40,Tournament,TwoPoint,20,80,0.3,0.05,0.038281383181119975,1,4
40,Tournament,TwoPoint,20,80,0.3,0.1,0.12543191983888508,1,5
40,Tournament,TwoPoint,20,80,0.4,0.02,0.03061015125776333,0.22806459311112878,4
40,Tournament,TwoPoint,20,80,0.4,0.05,0.0707238063637265,1,5
40,Tournament,TwoPoint,20,80,0.4,0.1,0.16359112591137578,1,5
40,Tournament,TwoPoint,20,80,0.5,0.02,0.03853023239792943,1,5
40,Tournament,TwoPoint,20,80,0.5,0.05,0.11296206705631892,1,5
40,Tournament,TwoPoint,20,80,0.5,0.1,0.20236848308869518,1,5
40,Tournament,TwoPoint,20,80,0.6,0.02,0.053084762547677904,1,5
40,Tournament,TwoPoint,20,80,0.6,0.05,0.15891754268230673,1,5
40,Tournament,TwoPoint,20,80,0.6,0.1,0.24148801236858167,1,5
40,Tournament,TwoPoint,20,80,0.7,0.02,0.10347573556072837,1,5
40,Tournament,TwoPoint,20,80,0.7,0.05,0.21796167869602534,1,6
50,Tournament,TwoPoint,20,20,0.3,0.02,0.10279739811989963,1,1
50,Tournament,TwoPoint,20,20,0.3,0.05,0.12347636585132847,1,1
50,Tournament,TwoPoint,20,20,0.3,0.1,0.18940808304067122,1,1
50,Tournament,TwoPoint,20,20,0.4,0.02,0.1144046349098617,1,1
40,Tournament,TwoPoint,20,80,0.7,0.1,0.2957161603684132,1,6
50,Tournament,TwoPoint,20,20,0.4,0.05,0.1565699089606135,1,1
50,Tournament,TwoPoint,20,20,0.4,0.1,0.22983970020145084,1,1
50,Tournament,TwoPoint,20,20,0.5,0.02,0.1336591653361065,1,1
40,Tournament,TwoPoint,20,100,0.3,0.02,0.028238702228313973,0.06818583005696863,6
50,Tournament,TwoPoint,20,20,0.5,0.05,0.1932158332216858,1,1
50,Tournament,TwoPoint,20,20,0.5,0.1,0.2605388038466633,1,1
50,Tournament,TwoPoint,20,20,0.6,0.02,0.1634792582649955,1,1
50,Tournament,TwoPoint,20,20,0.6,0.05,0.24586958475352816,1,1
40,Tournament,TwoPoint,20,100,0.3,0.05,0.03666311953810864,0.5442287805266088,6
50,Tournament,TwoPoint,20,20,0.6,0.1,0.29714035847100795,1,2
50,Tournament,TwoPoint,20,20,0.7,0.02,0.2377247703625319,1,1
50,Tournament,TwoPoint,20,20,0.7,0.05,0.292768035585508,1,1
40,Tournament,TwoPoint,20,100,0.3,0.1,0.12821741508308448,1,6
50,Tournament,TwoPoint,20,20,0.7,0.1,0.3359759129770201,1,1
50,Tournament,TwoPoint,20,40,0.3,0.02,0.04506389184735408,1,3
50,Tournament,TwoPoint,20,40,0.3,0.05,0.09381109818643023,1,2
40,Tournament,TwoPoint,20,100,0.4,0.02,0.028826469520490304,0.23371251292657705,6
50,Tournament,TwoPoint,20,40,0.3,0.1,0.18673178329354875,1,3
50,Tournament,TwoPoint,20,40,0.4,0.02,0.048108693710938094,1,2
40,Tournament,TwoPoint,20,100,0.4,0.05,0.06998336925968897,1,6
50,Tournament,TwoPoint,20,40,0.4,0.05,0.12507783906001596,1,2
50,Tournament,TwoPoint,20,40,0.4,0.1,0.23002077700386367,1,3
40,Tournament,TwoPoint,20,100,0.4,0.1,0.16086780340586593,1,7
50,Tournament,TwoPoint,20,40,0.5,0.02,0.07328870939644237,1,3
50,Tournament,TwoPoint,20,40,0.5,0.05,0.1759847865943815,1,3
40,Tournament,TwoPoint,20,100,0.5,0.02,0.03654209787069265,1,6
50,Tournament,TwoPoint,20,40,0.5,0.1,0.25571174662405555,1,3
50,Tournament,TwoPoint,20,40,0.6,0.02,0.10143921823234513,1,3
40,Tournament,TwoPoint,20,100,0.5,0.05,0.10835732908230979,1,7
50,Tournament,TwoPoint,20,40,0.6,0.05,0.21622463878681433,1,3
50,Tournament,TwoPoint,20,40,0.6,0.1,0.3021744242731454,1,3
50,Tournament,TwoPoint,20,40,0.7,0.02,0.1740875310146023,1,3
40,Tournament,TwoPoint,20,100,0.5,0.1,0.20009807540621305,1,7
50,Tournament,TwoPoint,20,40,0.7,0.05,0.28165556829566396,1,3
50,Tournament,TwoPoint,20,40,0.7,0.1,0.3525812135987325,1,4
40,Tournament,TwoPoint,20,100,0.6,0.02,0.04580027415794866,1,7
50,Tournament,TwoPoint,20,60,0.3,0.02,0.026906502355233227,0.297695504344541,3
50,Tournament,TwoPoint,20,60,0.3,0.05,0.08699244595694589,1,4
40,Tournament,TwoPoint,20,100,0.6,0.05,0.1560771699902833,1,8
50,Tournament,TwoPoint,20,60,0.3,0.1,0.19368144836843942,1,4
40,Tournament,TwoPoint,20,100,0.6,0.1,0.23652602709879963,1,8
50,Tournament,TwoPoint,20,60,0.4,0.02,0.045322886941515456,1,4
50,Tournament,TwoPoint,20,60,0.4,0.05,0.12342828787448434,1,4
40,Tournament,TwoPoint,20,100,0.7,0.02,0.10256532438774663,1,8
50,Tournament,TwoPoint,20,60,0.4,0.1,0.21978188064658982,1,5
50,Tournament,TwoPoint,20,60,0.5,0.02,0.04741555752647326,1,4
40,Tournament,TwoPoint,20,100,0.7,0.05,0.2189466908004403,1,8
50,Tournament,TwoPoint,20,60,0.5,0.05,0.15887228817647764,1,5
40,Tournament,TwoPoint,20,100,0.7,0.1,0.27814540648220304,1,8
50,Tournament,TwoPoint,20,60,0.5,0.1,0.25611630537291913,1,5
40,Tournament,TwoPoint,40,20,0.3,0.02,0.031643887789974234,0.6349932384058548,4
50,Tournament,TwoPoint,20,60,0.6,0.02,0.08447106160818744,1,5
40,Tournament,TwoPoint,40,20,0.3,0.05,0.04521928656454121,0.7419457481505052,3
50,Tournament,TwoPoint,20,60,0.6,0.05,0.21974352803075559,1,5
40,Tournament,TwoPoint,40,20,0.3,0.1,0.1146846966846205,1,4
40,Tournament,TwoPoint,40,20,0.4,0.02,0.034643848690942274,0.4626123617850609,4
50,Tournament,TwoPoint,20,60,0.6,0.1,0.3058415908363477,1,5
40,Tournament,TwoPoint,40,20,0.4,0.05,0.0760469296385808,1,4
50,Tournament,TwoPoint,20,60,0.7,0.02,0.16621957716353386,1,5
40,Tournament,TwoPoint,40,20,0.4,0.1,0.14848142597569422,1,4
50,Tournament,TwoPoint,20,60,0.7,0.05,0.2759933723081031,1,5
40,Tournament,TwoPoint,40,20,0.5,0.02,0.04813183650107531,1,5
50,Tournament,TwoPoint,20,60,0.7,0.1,0.3352002224206884,1,5
40,Tournament,TwoPoint,40,20,0.5,0.05,0.09583924824989304,1,4
50,Tournament,TwoPoint,20,80,0.3,0.02,0.02654304339824206,0.24015201046093496,5
40,Tournament,TwoPoint,40,20,0.5,0.1,0.17143073977137446,1,4
50,Tournament,TwoPoint,20,80,0.3,0.05,0.08345761603129341,1,5
40,Tournament,TwoPoint,40,20,0.6,0.02,0.06474576738980686,1,4
40,Tournament,TwoPoint,40,20,0.6,0.05,0.13699319627472661,1,5
50,Tournament,TwoPoint,20,80,0.3,0.1,0.1868687141317874,1,6
40,Tournament,TwoPoint,40,20,0.6,0.1,0.2014543109185337,1,5
50,Tournament,TwoPoint,20,80,0.4,0.02,0.028972408609839354,0.40466655769859433,5
40,Tournament,TwoPoint,40,20,0.7,0.02,0.09379216661290264,1,5
50,Tournament,TwoPoint,20,80,0.4,0.05,0.11512330778737186,1,6
40,Tournament,TwoPoint,40,20,0.7,0.05,0.1798072777281469,1,5
50,Tournament,TwoPoint,20,80,0.4,0.1,0.22809179762242487,1,6
40,Tournament,TwoPoint,40,20,0.7,0.1,0.24449595979822358,1,5
60,Tournament,TwoPoint,20,20,0.3,0.02,0.1358822411174828,1,1
60,Tournament,TwoPoint,20,20,0.3,0.05,0.16029382120734745,1,1
60,Tournament,TwoPoint,20,20,0.3,0.1,0.22191838455536905,1,1
50,Tournament,TwoPoint,20,80,0.5,0.02,0.054617187651842716,1,6
60,Tournament,TwoPoint,20,20,0.4,0.02,0.1475896348096984,1,1
40,Tournament,TwoPoint,40,40,0.3,0.02,0.029948817154766574,0.2394002068252327,8
60,Tournament,TwoPoint,20,20,0.4,0.05,0.18198360888368023,1,1
60,Tournament,TwoPoint,20,20,0.4,0.1,0.25671084426847257,1,1
50,Tournament,TwoPoint,20,80,0.5,0.05,0.1671873378797047,1,6
60,Tournament,TwoPoint,20,20,0.5,0.02,0.16378275026947675,1,1
60,Tournament,TwoPoint,20,20,0.5,0.05,0.21270541240128865,1,2
60,Tournament,TwoPoint,20,20,0.5,0.1,0.27876748279896274,1,1
40,Tournament,TwoPoint,40,40,0.3,0.05,0.03680896519772983,1,8
60,Tournament,TwoPoint,20,20,0.6,0.02,0.20053586962817832,1,1
50,Tournament,TwoPoint,20,80,0.5,0.1,0.26182148336713207,1,7
60,Tournament,TwoPoint,20,20,0.6,0.05,0.24839797617877213,1,2
60,Tournament,TwoPoint,20,20,0.6,0.1,0.3194648549785121,1,2
60,Tournament,TwoPoint,20,20,0.7,0.02,0.23102133592574023,1,2
40,Tournament,TwoPoint,40,40,0.3,0.1,0.11762789337820574,1,8
50,Tournament,TwoPoint,20,80,0.6,0.02,0.09324762462598354,1,7
60,Tournament,TwoPoint,20,20,0.7,0.05,0.31075536659236713,1,2
60,Tournament,TwoPoint,20,20,0.7,0.1,0.3602177551692535,1,2
60,Tournament,TwoPoint,20,40,0.3,0.02,0.0622590752555287,1,3
40,Tournament,TwoPoint,40,40,0.4,0.02,0.02677196993761371,0.1502046056326727,9
50,Tournament,TwoPoint,20,80,0.6,0.05,0.21637759972167037,1,7
60,Tournament,TwoPoint,20,40,0.3,0.05,0.12250592336019502,1,3
60,Tournament,TwoPoint,20,40,0.3,0.1,0.21296799056253055,1,3
50,Tournament,TwoPoint,20,80,0.6,0.1,0.3035496968635989,1,7
40,Tournament,TwoPoint,40,40,0.4,0.05,0.05544202180566571,1,9
60,Tournament,TwoPoint,20,40,0.4,0.02,0.07282613123720173,1,3
60,Tournament,TwoPoint,20,40,0.4,0.05,0.15215775777479157,1,3
50,Tournament,TwoPoint,20,80,0.7,0.02,0.163730601732981,1,7
60,Tournament,TwoPoint,20,40,0.4,0.1,0.24540771504764516,1,4
40,Tournament,TwoPoint,40,40,0.4,0.1,0.15107004725926634,1,9
60,Tournament,TwoPoint,20,40,0.5,0.02,0.10733821185060347,1,3
50,Tournament,TwoPoint,20,80,0.7,0.05,0.2866494664449283,1,8
60,Tournament,TwoPoint,20,40,0.5,0.05,0.20173223450977237,1,3
40,Tournament,TwoPoint,40,40,0.5,0.02,0.02970610489478224,0.3578872007000239,9
60,Tournament,TwoPoint,20,40,0.5,0.1,0.28197534580168104,1,4
50,Tournament,TwoPoint,20,80,0.7,0.1,0.343226493893476,1,8
60,Tournament,TwoPoint,20,40,0.6,0.02,0.13787338642647992,1,3
60,Tournament,TwoPoint,20,40,0.6,0.05,0.23470085644197447,1,4
40,Tournament,TwoPoint,40,40,0.5,0.05,0.09046980051725115,1,9
50,Tournament,TwoPoint,20,100,0.3,0.02,0.024058710210723443,0.16449889362620757,7
60,Tournament,TwoPoint,20,40,0.6,0.1,0.3192468487895868,1,4
60,Tournament,TwoPoint,20,40,0.7,0.02,0.20326721587209284,1,4
50,Tournament,TwoPoint,20,100,0.3,0.05,0.08400108124923439,1,7
40,Tournament,TwoPoint,40,40,0.5,0.1,0.16980997229081063,1,10
60,Tournament,TwoPoint,20,40,0.7,0.05,0.28615320720088677,1,4
60,Tournament,TwoPoint,20,40,0.7,0.1,0.34438092418581545,1,4
50,Tournament,TwoPoint,20,100,0.3,0.1,0.19149958055561012,1,8
40,Tournament,TwoPoint,40,40,0.6,0.02,0.026881780730573235,0.2508354531398075,10
60,Tournament,TwoPoint,20,60,0.3,0.02,0.036980605821612306,1,5
50,Tournament,TwoPoint,20,100,0.4,0.02,0.02460715815800322,0.3334232824221491,7
60,Tournament,TwoPoint,20,60,0.3,0.05,0.12207232895687659,1,5
40,Tournament,TwoPoint,40,40,0.6,0.05,0.1189223996596904,1,11
60,Tournament,TwoPoint,20,60,0.3,0.1,0.21091708902763756,1,5
50,Tournament,TwoPoint,20,100,0.4,0.05,0.13195838925058698,1,8
60,Tournament,TwoPoint,20,60,0.4,0.02,0.05363274882249871,1,5
50,Tournament,TwoPoint,20,100,0.4,0.1,0.23471351314754452,1,8
60,Tournament,TwoPoint,20,60,0.4,0.05,0.16026163797407814,1,5
40,Tournament,TwoPoint,40,40,0.6,0.1,0.20571840182707798,1,11
60,Tournament,TwoPoint,20,60,0.4,0.1,0.2440101372333846,1,5
50,Tournament,TwoPoint,20,100,0.5,0.02,0.04009106679749433,1,8
60,Tournament,TwoPoint,20,60,0.5,0.02,0.08196745882373653,1,5
40,Tournament,TwoPoint,40,40,0.7,0.02,0.06466867192173932,1,11
50,Tournament,TwoPoint,20,100,0.5,0.05,0.16346607939527616,1,8
60,Tournament,TwoPoint,20,60,0.5,0.05,0.19591343228399563,1,6
40,Tournament,TwoPoint,40,40,0.7,0.05,0.16747464842856416,1,11
60,Tournament,TwoPoint,20,60,0.5,0.1,0.28213958911459813,1,6
50,Tournament,TwoPoint,20,100,0.5,0.1,0.26939955254984904,1,9
60,Tournament,TwoPoint,20,60,0.6,0.02,0.1234600200324606,1,6
40,Tournament,TwoPoint,40,40,0.7,0.1,0.23417533832676246,1,11
50,Tournament,TwoPoint,20,100,0.6,0.02,0.07786447406635015,1,9
60,Tournament,TwoPoint,20,60,0.6,0.05,0.2530548323815548,1,6
60,Tournament,TwoPoint,20,60,0.6,0.1,0.3167224171617267,1,6
50,Tournament,TwoPoint,20,100,0.6,0.05,0.2189972681075085,1,9
40,Tournament,TwoPoint,40,60,0.3,0.02,0.028303244147403258,0.08225280407286611,12
60,Tournament,TwoPoint,20,60,0.7,0.02,0.19136479731929046,1,6
50,Tournament,TwoPoint,20,100,0.6,0.1,0.3055589623353801,1,10
60,Tournament,TwoPoint,20,60,0.7,0.05,0.2969162641754705,1,6
40,Tournament,TwoPoint,40,60,0.3,0.05,0.030601585741850304,0.37884814255031424,13
60,Tournament,TwoPoint,20,60,0.7,0.1,0.35026992477024765,1,7
50,Tournament,TwoPoint,20,100,0.7,0.02,0.16260895089463567,1,10
60,Tournament,TwoPoint,20,80,0.3,0.02,0.035550788220176745,1,6
70,Tournament,TwoPoint,20,20,0.3,0.02,0.1272676019047546,1,2
70,Tournament,TwoPoint,20,20,0.3,0.05,0.15553259609416817,1,2
40,Tournament,TwoPoint,40,60,0.3,0.1,0.11925664656600798,1,13
70,Tournament,TwoPoint,20,20,0.3,0.1,0.2231377088673164,1,2
50,Tournament,TwoPoint,20,100,0.7,0.05,0.28596194245979034,1,10
60,Tournament,TwoPoint,20,80,0.3,0.05,0.10037309842182329,1,7
70,Tournament,TwoPoint,20,20,0.4,0.02,0.14740925085187684,1,2
70,Tournament,TwoPoint,20,20,0.4,0.05,0.17957613779817266,1,2
70,Tournament,TwoPoint,20,20,0.4,0.1,0.25407886565631954,1,2
70,Tournament,TwoPoint,20,20,0.5,0.02,0.1643887508665461,1,2
60,Tournament,TwoPoint,20,80,0.3,0.1,0.22489764210320348,1,8
50,Tournament,TwoPoint,20,100,0.7,0.1,0.3491713739276078,1,11
70,Tournament,TwoPoint,20,20,0.5,0.05,0.209249892606916,1,2
40,Tournament,TwoPoint,40,60,0.4,0.02,0.03164675509228193,0.230689682602816,14
70,Tournament,TwoPoint,20,20,0.5,0.1,0.2797631978783255,1,2
50,Tournament,TwoPoint,40,20,0.3,0.02,0.06280723768308022,1,4
70,Tournament,TwoPoint,20,20,0.6,0.02,0.1946491822169251,1,2
60,Tournament,TwoPoint,20,80,0.4,0.02,0.041731453447386324,1,7
70,Tournament,TwoPoint,20,20,0.6,0.05,0.24374222955171013,1,2
50,Tournament,TwoPoint,40,20,0.3,0.05,0.09430382107667874,1,5
70,Tournament,TwoPoint,20,20,0.6,0.1,0.3142317817222868,1,2
70,Tournament,TwoPoint,20,20,0.7,0.02,0.2357082821620676,1,2
60,Tournament,TwoPoint,20,80,0.4,0.05,0.15516723995418952,1,8
50,Tournament,TwoPoint,40,20,0.3,0.1,0.19057163815120423,1,5
70,Tournament,TwoPoint,20,20,0.7,0.05,0.2967942468667603,1,2
40,Tournament,TwoPoint,40,60,0.4,0.05,0.05433751441684502,1,15
70,Tournament,TwoPoint,20,20,0.7,0.1,0.3398545434829627,1,2
50,Tournament,TwoPoint,40,20,0.4,0.02,0.07282233443447246,1,5
70,Tournament,TwoPoint,20,40,0.3,0.02,0.06216488420491702,1,4
60,Tournament,TwoPoint,20,80,0.4,0.1,0.24923233699764633,1,8
50,Tournament,TwoPoint,40,20,0.4,0.05,0.11829883830479439,1,5
70,Tournament,TwoPoint,20,40,0.3,0.05,0.13060067202166603,1,4
60,Tournament,TwoPoint,20,80,0.5,0.02,0.07486631769649393,1,8
70,Tournament,TwoPoint,20,40,0.3,0.1,0.2127778433165094,1,4
50,Tournament,TwoPoint,40,20,0.4,0.1,0.206828611012,1,5
40,Tournament,TwoPoint,40,60,0.4,0.1,0.14585779905121582,1,16
70,Tournament,TwoPoint,20,40,0.4,0.02,0.08075965172007266,1,4
50,Tournament,TwoPoint,40,20,0.5,0.02,0.09680281991600319,1,5
60,Tournament,TwoPoint,20,80,0.5,0.05,0.18736675493792998,1,8
70,Tournament,TwoPoint,20,40,0.4,0.05,0.15875348876461484,1,4
50,Tournament,TwoPoint,40,20,0.5,0.05,0.1624021513459293,1,6
70,Tournament,TwoPoint,20,40,0.4,0.1,0.24825718958352522,1,4
60,Tournament,TwoPoint,20,80,0.5,0.1,0.2799428722777309,1,8
40,Tournament,TwoPoint,40,60,0.5,0.02,0.03033569057626671,0.35422798504494474,15
70,Tournament,TwoPoint,20,40,0.5,0.02,0.10242034386456136,1,4
50,Tournament,TwoPoint,40,20,0.5,0.1,0.23800922130557403,1,6
70,Tournament,TwoPoint,20,40,0.5,0.05,0.2023003145145549,1,4
50,Tournament,TwoPoint,40,20,0.6,0.02,0.12264645432532655,1,6
60,Tournament,TwoPoint,20,80,0.6,0.02,0.12451013029039412,1,9
70,Tournament,TwoPoint,20,40,0.5,0.1,0.2707209447345994,1,5
50,Tournament,TwoPoint,40,20,0.6,0.05,0.1835979382167645,1,7
70,Tournament,TwoPoint,20,40,0.6,0.02,0.13970981861855808,1,5
40,Tournament,TwoPoint,40,60,0.5,0.05,0.08606403774537691,1,17
60,Tournament,TwoPoint,20,80,0.6,0.05,0.22883145055129475,1,10
70,Tournament,TwoPoint,20,40,0.6,0.05,0.23946060342326855,1,5
50,Tournament,TwoPoint,40,20,0.6,0.1,0.27513095066564974,1,8
70,Tournament,TwoPoint,20,40,0.6,0.1,0.30398462093231515,1,5
60,Tournament,TwoPoint,20,80,0.6,0.1,0.31875377272457817,1,10
50,Tournament,TwoPoint,40,20,0.7,0.02,0.1566645210222425,1,7
70,Tournament,TwoPoint,20,40,0.7,0.02,0.19888458695391942,1,5
40,Tournament,TwoPoint,40,60,0.5,0.1,0.17500089605881,1,19
50,Tournament,TwoPoint,40,20,0.7,0.05,0.23975598498586417,1,7
70,Tournament,TwoPoint,20,40,0.7,0.05,0.2913417827894343,1,5
60,Tournament,TwoPoint,20,80,0.7,0.02,0.18553451530709356,1,10
70,Tournament,TwoPoint,20,40,0.7,0.1,0.34200289390171046,1,5
50,Tournament,TwoPoint,40,20,0.7,0.1,0.29625966659755987,1,7
60,Tournament,TwoPoint,20,80,0.7,0.05,0.28803288770222385,1,10
70,Tournament,TwoPoint,20,60,0.3,0.02,0.04117542031518285,1,6
50,Tournament,TwoPoint,40,40,0.3,0.02,0.0264068867866371,0.3278104592800475,10
40,Tournament,TwoPoint,40,60,0.6,0.02,0.034027142792683436,1,20
70,Tournament,TwoPoint,20,60,0.3,0.05,0.11994393300401077,1,6
60,Tournament,TwoPoint,20,80,0.7,0.1,0.3582594108403617,1,10
70,Tournament,TwoPoint,20,60,0.3,0.1,0.22315001569926057,1,7
50,Tournament,TwoPoint,40,40,0.3,0.05,0.07023884225066204,1,11
60,Tournament,TwoPoint,20,100,0.3,0.02,0.029516166176748918,0.6805965949064303,9
70,Tournament,TwoPoint,20,60,0.4,0.02,0.05388125900472626,1,7
40,Tournament,TwoPoint,40,60,0.6,0.05,0.12300220611397002,1,20
50,Tournament,TwoPoint,40,40,0.3,0.1,0.1678973556836199,1,11
70,Tournament,TwoPoint,20,60,0.4,0.05,0.15553613808509514,1,7
60,Tournament,TwoPoint,20,100,0.3,0.05,0.11613421038139451,1,10
70,Tournament,TwoPoint,20,60,0.4,0.1,0.2507896895072041,1,7
50,Tournament,TwoPoint,40,40,0.4,0.02,0.03193546551480444,0.6310068649885584,11
60,Tournament,TwoPoint,20,100,0.3,0.1,0.215918854025804,1,11
70,Tournament,TwoPoint,20,60,0.5,0.02,0.08621069892926711,1,7
40,Tournament,TwoPoint,40,60,0.6,0.1,0.20003775060223553,1,19
60,Tournament,TwoPoint,20,100,0.4,0.02,0.04612640120530402,1,10
50,Tournament,TwoPoint,40,40,0.4,0.05,0.11240158893787737,1,11
70,Tournament,TwoPoint,20,60,0.5,0.05,0.19637260115966204,1,7
70,Tournament,TwoPoint,20,60,0.5,0.1,0.2772710320555761,1,7
60,Tournament,TwoPoint,20,100,0.4,0.05,0.15532742907906535,1,10
50,Tournament,TwoPoint,40,40,0.4,0.1,0.2006255510111379,1,12
40,Tournament,TwoPoint,40,60,0.7,0.02,0.055784638197898834,1,19
70,Tournament,TwoPoint,20,60,0.6,0.02,0.12521958055257434,1,7
60,Tournament,TwoPoint,20,100,0.4,0.1,0.24422020542695175,1,12
50,Tournament,TwoPoint,40,40,0.5,0.02,0.040254178709268944,1,12
70,Tournament,TwoPoint,20,60,0.6,0.05,0.23248794305710047,1,8
70,Tournament,TwoPoint,20,60,0.6,0.1,0.30834743671938775,1,8
60,Tournament,TwoPoint,20,100,0.5,0.02,0.06761804918699116,1,10
40,Tournament,TwoPoint,40,60,0.7,0.05,0.16393870677777125,1,20
50,Tournament,TwoPoint,40,40,0.5,0.05,0.14532364423409266,1,12
70,Tournament,TwoPoint,20,60,0.7,0.02,0.1875420072604032,1,8
60,Tournament,TwoPoint,20,100,0.5,0.05,0.18971748162739516,1,11
70,Tournament,TwoPoint,20,60,0.7,0.05,0.2907423825990299,1,8
50,Tournament,TwoPoint,40,40,0.5,0.1,0.2297652990645606,1,12
40,Tournament,TwoPoint,40,60,0.7,0.1,0.24331000311394685,1,20
60,Tournament,TwoPoint,20,100,0.5,0.1,0.28278789391144615,1,12
70,Tournament,TwoPoint,20,60,0.7,0.1,0.3362489588183483,1,8
50,Tournament,TwoPoint,40,40,0.6,0.02,0.06812929852083788,1,13
70,Tournament,TwoPoint,20,80,0.3,0.02,0.027858180368285305,1,8
60,Tournament,TwoPoint,20,100,0.6,0.02,0.12428966722803537,1,12
40,Tournament,TwoPoint,40,80,0.3,0.02,0.02797675639134627,0.09159971362660091,20
70,Tournament,TwoPoint,20,80,0.3,0.05,0.11863931474893157,1,9
50,Tournament,TwoPoint,40,40,0.6,0.05,0.18211950370173344,1,15
60,Tournament,TwoPoint,20,100,0.6,0.05,0.2371444042844563,1,13
70,Tournament,TwoPoint,20,80,0.3,0.1,0.21957299733300378,1,10
50,Tournament,TwoPoint,40,40,0.6,0.1,0.26515874674176554,1,14
60,Tournament,TwoPoint,20,100,0.6,0.1,0.3173570820470825,1,12
40,Tournament,TwoPoint,40,80,0.3,0.05,0.03221458901788783,0.2779412934531859,20
70,Tournament,TwoPoint,20,80,0.4,0.02,0.049872697952698275,1,9
70,Tournament,TwoPoint,20,80,0.4,0.05,0.1577181077107992,1,9
50,Tournament,TwoPoint,40,40,0.7,0.02,0.11743051657295339,1,14
60,Tournament,TwoPoint,20,100,0.7,0.02,0.19088170971143587,1,12
70,Tournament,TwoPoint,20,80,0.4,0.1,0.24414568354430188,1,9
40,Tournament,TwoPoint,40,80,0.3,0.1,0.10837101561929417,1,19
60,Tournament,TwoPoint,20,100,0.7,0.05,0.30275608203596116,1,11
50,Tournament,TwoPoint,40,40,0.7,0.05,0.23672900542121336,1,13
70,Tournament,TwoPoint,20,80,0.5,0.02,0.07870797318460374,1,8
60,Tournament,TwoPoint,20,100,0.7,0.1,0.3559160495476084,1,11
70,Tournament,TwoPoint,20,80,0.5,0.05,0.19730549252940413,1,9
50,Tournament,TwoPoint,40,40,0.7,0.1,0.30357026035910456,1,13
40,Tournament,TwoPoint,40,80,0.4,0.02,0.029003541507204016,0.20821732559064512,19
60,Tournament,TwoPoint,40,20,0.3,0.02,0.08607235773075912,1,5
60,Tournament,TwoPoint,40,20,0.3,0.05,0.13309461131163336,1,5
70,Tournament,TwoPoint,20,80,0.5,0.1,0.2770059620697766,1,9
60,Tournament,TwoPoint,40,20,0.3,0.1,0.20792572103803397,1,5
50,Tournament,TwoPoint,40,60,0.3,0.02,0.023505035246796188,0.251011927249177,13
70,Tournament,TwoPoint,20,80,0.6,0.02,0.12260409627305925,1,9
60,Tournament,TwoPoint,40,20,0.4,0.02,0.11054351544211279,1,5
40,Tournament,TwoPoint,40,80,0.4,0.05,0.04587133038899312,0.46246695595790316,19
60,Tournament,TwoPoint,40,20,0.4,0.05,0.15970130531854068,1,6
70,Tournament,TwoPoint,20,80,0.6,0.05,0.24103812607655378,1,10
50,Tournament,TwoPoint,40,60,0.3,0.05,0.060097256712276115,1,15
60,Tournament,TwoPoint,40,20,0.4,0.1,0.22280724531839624,1,6
60,Tournament,TwoPoint,40,20,0.5,0.02,0.1302236376720219,1,6
70,Tournament,TwoPoint,20,80,0.6,0.1,0.29328502691753133,1,11
40,Tournament,TwoPoint,40,80,0.4,0.1,0.13661122145868854,1,23
60,Tournament,TwoPoint,40,20,0.5,0.05,0.1865250460991135,1,7
50,Tournament,TwoPoint,40,60,0.3,0.1,0.1748876126873199,1,17
70,Tournament,TwoPoint,20,80,0.7,0.02,0.18625078040460671,1,11
60,Tournament,TwoPoint,40,20,0.5,0.1,0.2544604889151388,1,7
60,Tournament,TwoPoint,40,20,0.6,0.02,0.15182889115166043,1,7
70,Tournament,TwoPoint,20,80,0.7,0.05,0.28870948095515403,1,11
50,Tournament,TwoPoint,40,60,0.4,0.02,0.028040638006695116,0.462248367424038,18
40,Tournament,TwoPoint,40,80,0.5,0.02,0.03173264238401936,0.25562803277384455,24
60,Tournament,TwoPoint,40,20,0.6,0.05,0.21902464742625083,1,7
70,Tournament,TwoPoint,20,80,0.7,0.1,0.34030310917225365,1,11
60,Tournament,TwoPoint,40,20,0.6,0.1,0.2907338925814889,1,7
50,Tournament,TwoPoint,40,60,0.4,0.05,0.09933679287246752,1,17
60,Tournament,TwoPoint,40,20,0.7,0.02,0.18402017807700033,1,7
70,Tournament,TwoPoint,20,100,0.3,0.02,0.029118353147436916,1,10
60,Tournament,TwoPoint,40,20,0.7,0.05,0.25889122447974566,1,8
40,Tournament,TwoPoint,40,80,0.5,0.05,0.07851104659856982,1,24
70,Tournament,TwoPoint,20,100,0.3,0.05,0.11413424252744094,1,11
60,Tournament,TwoPoint,40,20,0.7,0.1,0.3148749359550643,1,7
50,Tournament,TwoPoint,40,60,0.4,0.1,0.20597429517068225,1,18
70,Tournament,TwoPoint,20,100,0.3,0.1,0.21545452237116003,1,11
60,Tournament,TwoPoint,40,40,0.3,0.02,0.034619993360240256,1,11
40,Tournament,TwoPoint,40,80,0.5,0.1,0.1752315955715067,1,24
70,Tournament,TwoPoint,20,100,0.4,0.02,0.04799528270804981,1,11
50,Tournament,TwoPoint,40,60,0.5,0.02,0.03298198559346672,0.38598952992606184,18
60,Tournament,TwoPoint,40,40,0.3,0.05,0.10795482563434097,1,11
70,Tournament,TwoPoint,20,100,0.4,0.05,0.15668602466624415,1,11
60,Tournament,TwoPoint,40,40,0.3,0.1,0.20083677423150942,1,12
50,Tournament,TwoPoint,40,60,0.5,0.05,0.1386697722880631,1,18
40,Tournament,TwoPoint,40,80,0.6,0.02,0.027262445220737074,0.2947657306499085,24
70,Tournament,TwoPoint,20,100,0.4,0.1,0.24431468974774148,1,12
60,Tournament,TwoPoint,40,40,0.4,0.02,0.049715269371115305,1,12
70,Tournament,TwoPoint,20,100,0.5,0.02,0.07623054044627824,1,11
50,Tournament,TwoPoint,40,60,0.5,0.1,0.2327882151723907,1,19
60,Tournament,TwoPoint,40,40,0.4,0.05,0.1336469181130614,1,12
40,Tournament,TwoPoint,40,80,0.6,0.05,0.12626519774858797,1,25
70,Tournament,TwoPoint,20,100,0.5,0.05,0.18914497332290772,1,12
60,Tournament,TwoPoint,40,40,0.4,0.1,0.22815169798461502,1,12
50,Tournament,TwoPoint,40,60,0.6,0.02,0.05753572261407765,1,19
70,Tournament,TwoPoint,20,100,0.5,0.1,0.27180024422680604,1,13
60,Tournament,TwoPoint,40,40,0.5,0.02,0.06410898594839672,1,13
40,Tournament,TwoPoint,40,80,0.6,0.1,0.2091420430577355,1,26
70,Tournament,TwoPoint,20,100,0.6,0.02,0.1272435318113173,1,13
50,Tournament,TwoPoint,40,60,0.6,0.05,0.1752501972560563,1,20
60,Tournament,TwoPoint,40,40,0.5,0.05,0.16693661465937976,1,13
70,Tournament,TwoPoint,20,100,0.6,0.05,0.233582321606963,1,13
60,Tournament,TwoPoint,40,40,0.5,0.1,0.2514941089717359,1,13
50,Tournament,TwoPoint,40,60,0.6,0.1,0.26806847641720555,1,20
40,Tournament,TwoPoint,40,80,0.7,0.02,0.056422060757012386,1,26
70,Tournament,TwoPoint,20,100,0.6,0.1,0.3015023023088983,1,13
60,Tournament,TwoPoint,40,40,0.6,0.02,0.10518499261724318,1,13
70,Tournament,TwoPoint,20,100,0.7,0.02,0.185405745241888,1,13
50,Tournament,TwoPoint,40,60,0.7,0.02,0.10501010563794791,1,20
60,Tournament,TwoPoint,40,40,0.6,0.05,0.20085031056771174,1,14
40,Tournament,TwoPoint,40,80,0.7,0.05,0.1651494742488206,1,26
70,Tournament,TwoPoint,20,100,0.7,0.05,0.2941108336963411,1,14
60,Tournament,TwoPoint,40,40,0.6,0.1,0.28849173926953736,1,14
50,Tournament,TwoPoint,40,60,0.7,0.05,0.22061241181594282,1,21
70,Tournament,TwoPoint,20,100,0.7,0.1,0.34089994582310257,1,14
70,Tournament,TwoPoint,40,20,0.3,0.02,0.099806790191976,1,5
60,Tournament,TwoPoint,40,40,0.7,0.02,0.14470951577932856,1,14
40,Tournament,TwoPoint,40,80,0.7,0.1,0.24128526483400997,1,27
70,Tournament,TwoPoint,40,20,0.3,0.05,0.13387185502666357,1,6
70,Tournament,TwoPoint,40,20,0.3,0.1,0.19867696931763806,1,6
50,Tournament,TwoPoint,40,60,0.7,0.1,0.3084582797205617,1,21
60,Tournament,TwoPoint,40,40,0.7,0.05,0.2399320519668419,1,15
70,Tournament,TwoPoint,40,20,0.4,0.02,0.109804894124991,1,6
70,Tournament,TwoPoint,40,20,0.4,0.05,0.15686624931523105,1,6
40,Tournament,TwoPoint,40,100,0.3,0.02,0.029069732740237057,0.1386852212080403,23
60,Tournament,TwoPoint,40,40,0.7,0.1,0.3162724694090221,1,15
70,Tournament,TwoPoint,40,20,0.4,0.1,0.23366327066600578,1,6
50,Tournament,TwoPoint,40,80,0.3,0.02,0.023639236805379427,0.2268875816287981,19
70,Tournament,TwoPoint,40,20,0.5,0.02,0.13014881395621147,1,6
70,Tournament,TwoPoint,40,20,0.5,0.05,0.17924733610345417,1,7
60,Tournament,TwoPoint,40,60,0.3,0.02,0.032912509170947436,1,15
40,Tournament,TwoPoint,40,100,0.3,0.05,0.03744425742955248,1,24
70,Tournament,TwoPoint,40,20,0.5,0.1,0.25840634192083395,1,7
50,Tournament,TwoPoint,40,80,0.3,0.05,0.06639094257121524,1,20
70,Tournament,TwoPoint,40,20,0.6,0.02,0.1514245194018904,1,7
60,Tournament,TwoPoint,40,60,0.3,0.05,0.10273151178556729,1,17
70,Tournament,TwoPoint,40,20,0.6,0.05,0.2109406162394471,1,7
40,Tournament,TwoPoint,40,100,0.3,0.1,0.11957587793127025,1,25
50,Tournament,TwoPoint,40,80,0.3,0.1,0.1653348462070779,1,22
70,Tournament,TwoPoint,40,20,0.6,0.1,0.2771506138621193,1,8
60,Tournament,TwoPoint,40,60,0.3,0.1,0.2020323608949832,1,17
70,Tournament,TwoPoint,40,20,0.7,0.02,0.18480982669201423,1,8
70,Tournament,TwoPoint,40,20,0.7,0.05,0.25584488828055785,1,8
50,Tournament,TwoPoint,40,80,0.4,0.02,0.029482439084846192,0.814481856815953,23
60,Tournament,TwoPoint,40,60,0.4,0.02,0.036106606925243145,1,18
70,Tournament,TwoPoint,40,20,0.7,0.1,0.30488725145923384,1,8
40,Tournament,TwoPoint,40,100,0.4,0.02,0.029332754416556615,0.201853472277464,27
70,Tournament,TwoPoint,40,40,0.3,0.02,0.043102245714380885,1,12
60,Tournament,TwoPoint,40,60,0.4,0.05,0.13471473862299166,1,19
50,Tournament,TwoPoint,40,80,0.4,0.05,0.10447671553349716,1,23
70,Tournament,TwoPoint,40,40,0.3,0.05,0.10997595347420361,1,12
40,Tournament,TwoPoint,40,100,0.4,0.05,0.04955231729804181,1,27
70,Tournament,TwoPoint,40,40,0.3,0.1,0.19958147592292033,1,12
60,Tournament,TwoPoint,40,60,0.4,0.1,0.22565390979696529,1,19
50,Tournament,TwoPoint,40,80,0.4,0.1,0.21148691011935714,1,24
70,Tournament,TwoPoint,40,40,0.4,0.02,0.054480208311238815,1,12
60,Tournament,TwoPoint,40,60,0.5,0.02,0.05067815590272493,1,19
40,Tournament,TwoPoint,40,100,0.4,0.1,0.14144021027951426,1,29
70,Tournament,TwoPoint,40,40,0.4,0.05,0.14501657169275525,1,13
50,Tournament,TwoPoint,40,80,0.5,0.02,0.034756809110044945,1,25
70,Tournament,TwoPoint,40,40,0.4,0.1,0.22156114437238844,1,13
60,Tournament,TwoPoint,40,60,0.5,0.05,0.16688989973746843,1,20
40,Tournament,TwoPoint,40,100,0.5,0.02,0.030614925340938123,0.31400568606913065,28
70,Tournament,TwoPoint,40,40,0.5,0.02,0.07258542161850307,1,13
50,Tournament,TwoPoint,40,80,0.5,0.05,0.13544500260012773,1,25
60,Tournament,TwoPoint,40,60,0.5,0.1,0.25928386145997867,1,20
70,Tournament,TwoPoint,40,40,0.5,0.05,0.16873426627665733,1,14
40,Tournament,TwoPoint,40,100,0.5,0.05,0.07717452372816966,1,29
60,Tournament,TwoPoint,40,60,0.6,0.02,0.0919575460569636,1,20
70,Tournament,TwoPoint,40,40,0.5,0.1,0.25601337321205514,1,14
50,Tournament,TwoPoint,40,80,0.5,0.1,0.2333282794040676,1,25
70,Tournament,TwoPoint,40,40,0.6,0.02,0.10235203356788926,1,14
60,Tournament,TwoPoint,40,60,0.6,0.05,0.20553023110272392,1,21
40,Tournament,TwoPoint,40,100,0.5,0.1,0.1725038560184853,1,29
50,Tournament,TwoPoint,40,80,0.6,0.02,0.06120614681264333,1,25
70,Tournament,TwoPoint,40,40,0.6,0.05,0.20982264039008414,1,14
60,Tournament,TwoPoint,40,60,0.6,0.1,0.28532536622279225,1,20
70,Tournament,TwoPoint,40,40,0.6,0.1,0.28274100863731805,1,15
50,Tournament,TwoPoint,40,80,0.6,0.05,0.17729733024861755,1,26
40,Tournament,TwoPoint,40,100,0.6,0.02,0.026677593136562677,0.3704174771809068,30
70,Tournament,TwoPoint,40,40,0.7,0.02,0.15340864198007928,1,16
60,Tournament,TwoPoint,40,60,0.7,0.02,0.1410210698615343,1,23
70,Tournament,TwoPoint,40,40,0.7,0.05,0.2508193118619822,1,17
50,Tournament,TwoPoint,40,80,0.6,0.1,0.2597749097196126,1,29
60,Tournament,TwoPoint,40,60,0.7,0.05,0.25468375031421553,1,24
40,Tournament,TwoPoint,40,100,0.6,0.05,0.11743398683477616,1,33
70,Tournament,TwoPoint,40,40,0.7,0.1,0.30908319204738044,1,17
50,Tournament,TwoPoint,40,80,0.7,0.02,0.09975673931605478,1,28
60,Tournament,TwoPoint,40,60,0.7,0.1,0.3295852111887848,1,23
70,Tournament,TwoPoint,40,60,0.3,0.02,0.032986474048586054,1,17
40,Tournament,TwoPoint,40,100,0.6,0.1,0.20179050077936975,1,32
70,Tournament,TwoPoint,40,60,0.3,0.05,0.108536384326766,1,18
60,Tournament,TwoPoint,40,80,0.3,0.02,0.024321518505279797,0.42169691853102576,21
50,Tournament,TwoPoint,40,80,0.7,0.05,0.23372263649444389,1,28
70,Tournament,TwoPoint,40,60,0.3,0.1,0.19677851348717265,1,19
40,Tournament,TwoPoint,40,100,0.7,0.02,0.04666875801988751,0.37019302708364504,33
60,Tournament,TwoPoint,40,80,0.3,0.05,0.10095471032449592,1,22
50,Tournament,TwoPoint,40,80,0.7,0.1,0.29870228501308993,1,28
70,Tournament,TwoPoint,40,60,0.4,0.02,0.04039898808019073,1,19
60,Tournament,TwoPoint,40,80,0.3,0.1,0.19827079518149496,1,22
40,Tournament,TwoPoint,40,100,0.7,0.05,0.16348818211886143,1,32
70,Tournament,TwoPoint,40,60,0.4,0.05,0.13512243152161119,1,19
50,Tournament,TwoPoint,40,100,0.3,0.02,0.022561023233380873,0.21528414917156888,23
60,Tournament,TwoPoint,40,80,0.4,0.02,0.03347961801109198,1,22
70,Tournament,TwoPoint,40,60,0.4,0.1,0.22584049142063412,1,19
50,Tournament,TwoPoint,40,100,0.3,0.05,0.06551540885311571,1,24
40,Tournament,TwoPoint,40,100,0.7,0.1,0.23762723410783948,1,32
60,Tournament,TwoPoint,40,80,0.4,0.05,0.12956339153886776,1,23
70,Tournament,TwoPoint,40,60,0.5,0.02,0.059582931885271556,1,19
40,Tournament,TwoPoint,60,20,0.3,0.02,0.03686761170851361,0.9360035001193222,9
40,Tournament,TwoPoint,60,20,0.3,0.05,0.047247713834115294,1,9
50,Tournament,TwoPoint,40,100,0.3,0.1,0.17590034851843486,1,25
40,Tournament,TwoPoint,60,20,0.3,0.1,0.10592943416431298,1,9
60,Tournament,TwoPoint,40,80,0.4,0.1,0.22655802002520173,1,24
70,Tournament,TwoPoint,40,60,0.5,0.05,0.1669273971719979,1,20
40,Tournament,TwoPoint,60,20,0.4,0.02,0.028609892803919186,0.3720467743218519,10
40,Tournament,TwoPoint,60,20,0.4,0.05,0.055994483041277646,1,10
70,Tournament,TwoPoint,40,60,0.5,0.1,0.2536405957988443,1,20
50,Tournament,TwoPoint,40,100,0.4,0.02,0.023911743341308682,0.18408980517027362,26
60,Tournament,TwoPoint,40,80,0.5,0.02,0.05277334804335458,1,24
40,Tournament,TwoPoint,60,20,0.4,0.1,0.13633150264899216,1,10
70,Tournament,TwoPoint,40,60,0.6,0.02,0.0941969328534981,1,20
40,Tournament,TwoPoint,60,20,0.5,0.02,0.03580494118597965,0.4185029035080741,11
50,Tournament,TwoPoint,40,100,0.4,0.05,0.11096366412616612,1,26
60,Tournament,TwoPoint,40,80,0.5,0.05,0.1654291333995409,1,25
40,Tournament,TwoPoint,60,20,0.5,0.05,0.07777463137652366,1,11
70,Tournament,TwoPoint,40,60,0.6,0.05,0.2015242179917422,1,21
40,Tournament,TwoPoint,60,20,0.5,0.1,0.16360856280409217,1,11
60,Tournament,TwoPoint,40,80,0.5,0.1,0.25527454222991613,1,25
50,Tournament,TwoPoint,40,100,0.4,0.1,0.20657883551843972,1,27
40,Tournament,TwoPoint,60,20,0.6,0.02,0.05323904641029408,1,12
70,Tournament,TwoPoint,40,60,0.6,0.1,0.276129175898851,1,21
40,Tournament,TwoPoint,60,20,0.6,0.05,0.11461078424608198,1,12
60,Tournament,TwoPoint,40,80,0.6,0.02,0.08145765821292075,1,26
40,Tournament,TwoPoint,60,20,0.6,0.1,0.18802686147665554,1,13
50,Tournament,TwoPoint,40,100,0.5,0.02,0.03339689188078217,0.4388795941497113,29
70,Tournament,TwoPoint,40,60,0.7,0.02,0.14626444025397212,1,22
40,Tournament,TwoPoint,60,20,0.7,0.02,0.08343846547692925,1,14
60,Tournament,TwoPoint,40,80,0.6,0.05,0.20377085296911843,1,27
70,Tournament,TwoPoint,40,60,0.7,0.05,0.25091267701738407,1,23
40,Tournament,TwoPoint,60,20,0.7,0.05,0.15885521363913763,1,13
50,Tournament,TwoPoint,40,100,0.5,0.05,0.1418142431915541,1,30
40,Tournament,TwoPoint,60,20,0.7,0.1,0.22131929167812417,1,13
70,Tournament,TwoPoint,40,60,0.7,0.1,0.31003232341071296,1,22
60,Tournament,TwoPoint,40,80,0.6,0.1,0.2797279466334421,1,27
40,Tournament,TwoPoint,60,40,0.3,0.02,0.029681151487085805,0.2180812982260759,18
50,Tournament,TwoPoint,40,100,0.5,0.1,0.22655022065125116,1,29
70,Tournament,TwoPoint,40,80,0.3,0.02,0.024512972610661498,1,21
40,Tournament,TwoPoint,60,40,0.3,0.05,0.028849669530578576,0.25169039853631375,18
60,Tournament,TwoPoint,40,80,0.7,0.02,0.1352254387238733,1,27
50,Tournament,TwoPoint,40,100,0.6,0.02,0.05823428032977712,1,30
70,Tournament,TwoPoint,40,80,0.3,0.05,0.10647151777962276,1,23
40,Tournament,TwoPoint,60,40,0.3,0.1,0.11108354672011979,1,19
60,Tournament,TwoPoint,40,80,0.7,0.05,0.24987281635136924,1,28
40,Tournament,TwoPoint,60,40,0.4,0.02,0.027221960280433888,0.11781083446026569,20
70,Tournament,TwoPoint,40,80,0.3,0.1,0.1978776135041231,1,23
50,Tournament,TwoPoint,40,100,0.6,0.05,0.17104336188539804,1,31
60,Tournament,TwoPoint,40,80,0.7,0.1,0.31674727985091766,1,29
40,Tournament,TwoPoint,60,40,0.4,0.05,0.05898041486689178,1,21
70,Tournament,TwoPoint,40,80,0.4,0.02,0.03770892907702815,1,24
50,Tournament,TwoPoint,40,100,0.6,0.1,0.26742011641960717,1,34
40,Tournament,TwoPoint,60,40,0.4,0.1,0.1358137682333775,1,22
60,Tournament,TwoPoint,40,100,0.3,0.02,0.025024717890559284,0.2701452520550367,26
70,Tournament,TwoPoint,40,80,0.4,0.05,0.14192265526135497,1,25
40,Tournament,TwoPoint,60,40,0.5,0.02,0.027531566429186975,0.2080901790612998,22
50,Tournament,TwoPoint,40,100,0.7,0.02,0.10463996451580027,1,33
60,Tournament,TwoPoint,40,100,0.3,0.05,0.10272655093433408,1,26
70,Tournament,TwoPoint,40,80,0.4,0.1,0.22355433666307928,1,25
40,Tournament,TwoPoint,60,40,0.5,0.05,0.06843914409738196,1,22
60,Tournament,TwoPoint,40,100,0.3,0.1,0.19315963901101263,1,27
70,Tournament,TwoPoint,40,80,0.5,0.02,0.05747878023369379,1,25
50,Tournament,TwoPoint,40,100,0.7,0.05,0.23196953352637087,1,33
40,Tournament,TwoPoint,60,40,0.5,0.1,0.16366040717948063,1,23
60,Tournament,TwoPoint,40,100,0.4,0.02,0.03141330659090731,1,27
70,Tournament,TwoPoint,40,80,0.5,0.05,0.1704818626932629,1,26
40,Tournament,TwoPoint,60,40,0.6,0.02,0.028679670145352953,0.4008829846472039,24
50,Tournament,TwoPoint,40,100,0.7,0.1,0.30071783098006666,1,34
50,Tournament,TwoPoint,60,20,0.3,0.02,0.045432936423885406,0.8064318404707421,9
60,Tournament,TwoPoint,40,100,0.4,0.05,0.13202803114477912,1,28
70,Tournament,TwoPoint,40,80,0.5,0.1,0.2520263319793788,1,27
50,Tournament,TwoPoint,60,20,0.3,0.05,0.09871292404502713,1,9
40,Tournament,TwoPoint,60,40,0.6,0.05,0.10401382359737876,1,24
50,Tournament,TwoPoint,60,20,0.3,0.1,0.16918123053903686,1,10
50,Tournament,TwoPoint,60,20,0.4,0.02,0.06762741854343729,1,10
70,Tournament,TwoPoint,40,80,0.6,0.02,0.09009991522776449,1,28
60,Tournament,TwoPoint,40,100,0.4,0.1,0.23807391222563962,1,30
40,Tournament,TwoPoint,60,40,0.6,0.1,0.19283476677671502,1,25
50,Tournament,TwoPoint,60,20,0.4,0.05,0.11414073869302296,1,11
50,Tournament,TwoPoint,60,20,0.4,0.1,0.20020598761617123,1,11
70,Tournament,TwoPoint,40,80,0.6,0.05,0.20130434948993112,1,28
40,Tournament,TwoPoint,60,40,0.7,0.02,0.048285079809446456,1,26
50,Tournament,TwoPoint,60,20,0.5,0.02,0.08163725685994094,1,12
60,Tournament,TwoPoint,40,100,0.5,0.02,0.05043482258109556,1,30
50,Tournament,TwoPoint,60,20,0.5,0.05,0.14122524361068872,1,11
50,Tournament,TwoPoint,60,20,0.5,0.1,0.22332297769980675,1,12
40,Tournament,TwoPoint,60,40,0.7,0.05,0.15793956530888678,1,26
70,Tournament,TwoPoint,40,80,0.6,0.1,0.2816777037991821,1,29
60,Tournament,TwoPoint,40,100,0.5,0.05,0.17078456341129605,1,31
50,Tournament,TwoPoint,60,20,0.6,0.02,0.09598645229147877,1,12
50,Tournament,TwoPoint,60,20,0.6,0.05,0.16701627001472732,1,13
40,Tournament,TwoPoint,60,40,0.7,0.1,0.22716897689036672,1,26
70,Tournament,TwoPoint,40,80,0.7,0.02,0.13809623952170744,1,29
50,Tournament,TwoPoint,60,20,0.6,0.1,0.2572438209043817,1,13
60,Tournament,TwoPoint,40,100,0.5,0.1,0.25676192075225734,1,32
50,Tournament,TwoPoint,60,20,0.7,0.02,0.1384178359632984,1,13
40,Tournament,TwoPoint,60,60,0.3,0.02,0.027523757982434206,0.14394240712751571,26
70,Tournament,TwoPoint,40,80,0.7,0.05,0.2557866621687768,1,30
50,Tournament,TwoPoint,60,20,0.7,0.05,0.22344828060415098,1,13
60,Tournament,TwoPoint,40,100,0.6,0.02,0.08458427502201085,1,32
50,Tournament,TwoPoint,60,20,0.7,0.1,0.2832140248061515,1,13
40,Tournament,TwoPoint,60,60,0.3,0.05,0.028990969766549454,0.28955532574974147,27
70,Tournament,TwoPoint,40,80,0.7,0.1,0.3053284907173297,1,30
50,Tournament,TwoPoint,60,40,0.3,0.02,0.025037563913168963,0.23304184373978423,19
60,Tournament,TwoPoint,40,100,0.6,0.05,0.20172093443126993,1,33
40,Tournament,TwoPoint,60,60,0.3,0.1,0.10494375924931897,1,28
50,Tournament,TwoPoint,60,40,0.3,0.05,0.06715370740843803,1,20
70,Tournament,TwoPoint,40,100,0.3,0.02,0.02951690518353664,1,27
50,Tournament,TwoPoint,60,40,0.3,0.1,0.17251888332134882,1,21
60,Tournament,TwoPoint,40,100,0.6,0.1,0.28926672982332735,1,36
40,Tournament,TwoPoint,60,60,0.4,0.02,0.028450254000004928,0.11672951937735698,32
70,Tournament,TwoPoint,40,100,0.3,0.05,0.1067321668831552,1,29
50,Tournament,TwoPoint,60,40,0.4,0.02,0.030296687323406606,0.4190094802222949,21
40,Tournament,TwoPoint,60,60,0.4,0.05,0.04366000752613626,1,30
60,Tournament,TwoPoint,40,100,0.7,0.02,0.1300700603670121,1,34
70,Tournament,TwoPoint,40,100,0.3,0.1,0.20298108293468964,1,29
50,Tournament,TwoPoint,60,40,0.4,0.05,0.0890726572076054,1,22
40,Tournament,TwoPoint,60,60,0.4,0.1,0.13409995309366463,1,31
50,Tournament,TwoPoint,60,40,0.4,0.1,0.20310625450171785,1,22
70,Tournament,TwoPoint,40,100,0.4,0.02,0.03625375336973656,1,29
60,Tournament,TwoPoint,40,100,0.7,0.05,0.2542631384663028,1,35
50,Tournament,TwoPoint,60,40,0.5,0.02,0.04397030409589139,1,23
40,Tournament,TwoPoint,60,60,0.5,0.02,0.0299965120827366,0.23371251292657705,33
70,Tournament,TwoPoint,40,100,0.4,0.05,0.1350560179998023,1,31
60,Tournament,TwoPoint,40,100,0.7,0.1,0.3175993581078739,1,36
50,Tournament,TwoPoint,60,40,0.5,0.05,0.12458586036582955,1,24
60,Tournament,TwoPoint,60,20,0.3,0.02,0.06621221333707251,1,10
60,Tournament,TwoPoint,60,20,0.3,0.05,0.1302787074376539,1,11
40,Tournament,TwoPoint,60,60,0.5,0.05,0.07278582802856876,1,36
70,Tournament,TwoPoint,40,100,0.4,0.1,0.23073411542846434,1,34
50,Tournament,TwoPoint,60,40,0.5,0.1,0.22980753605553492,1,26
60,Tournament,TwoPoint,60,20,0.3,0.1,0.19529885652600376,1,12
60,Tournament,TwoPoint,60,20,0.4,0.02,0.0965419712958791,1,13
60,Tournament,TwoPoint,60,20,0.4,0.05,0.1467204759345506,1,12
50,Tournament,TwoPoint,60,40,0.6,0.02,0.050253111950250444,0.5568404707420725,27
70,Tournament,TwoPoint,40,100,0.5,0.02,0.05220864849324518,1,35
40,Tournament,TwoPoint,60,60,0.5,0.1,0.1663071924829323,1,38
60,Tournament,TwoPoint,60,20,0.4,0.1,0.2256075045262476,1,12
60,Tournament,TwoPoint,60,20,0.5,0.02,0.11191466644079745,1,13
50,Tournament,TwoPoint,60,40,0.6,0.05,0.1697927990796335,1,28
70,Tournament,TwoPoint,40,100,0.5,0.05,0.16593797087852416,1,37
60,Tournament,TwoPoint,60,20,0.5,0.05,0.16796886840781367,1,13
40,Tournament,TwoPoint,60,60,0.6,0.02,0.03732344593124432,1,39
60,Tournament,TwoPoint,60,20,0.5,0.1,0.25071368161667773,1,13
50,Tournament,TwoPoint,60,40,0.6,0.1,0.24962309422703555,1,27
60,Tournament,TwoPoint,60,20,0.6,0.02,0.134625890020304,1,14
70,Tournament,TwoPoint,40,100,0.5,0.1,0.2528809496174489,1,36
40,Tournament,TwoPoint,60,60,0.6,0.05,0.11252821912581215,1,38
60,Tournament,TwoPoint,60,20,0.6,0.05,0.20490695504004802,1,14
50,Tournament,TwoPoint,60,40,0.7,0.02,0.09445773291787188,1,28
60,Tournament,TwoPoint,60,20,0.6,0.1,0.271815356857633,1,14
70,Tournament,TwoPoint,40,100,0.6,0.02,0.08398363059850901,1,35
60,Tournament,TwoPoint,60,20,0.7,0.02,0.1702302258501586,1,14
50,Tournament,TwoPoint,60,40,0.7,0.05,0.21562872600744762,1,28
40,Tournament,TwoPoint,60,60,0.6,0.1,0.19278218459685997,1,39
60,Tournament,TwoPoint,60,20,0.7,0.05,0.23462026970098052,1,15
60,Tournament,TwoPoint,60,20,0.7,0.1,0.3055832402471277,1,15
50,Tournament,TwoPoint,60,40,0.7,0.1,0.290552055284395,1,30
70,Tournament,TwoPoint,40,100,0.6,0.05,0.20066577076305414,1,38
40,Tournament,TwoPoint,60,60,0.7,0.02,0.043789543060645864,1,43
60,Tournament,TwoPoint,60,40,0.3,0.02,0.03662305371574859,1,21
50,Tournament,TwoPoint,60,60,0.3,0.02,0.0248130149595661,0.22100491122024934,30
60,Tournament,TwoPoint,60,40,0.3,0.05,0.0995081165316457,1,20
70,Tournament,TwoPoint,40,100,0.6,0.1,0.2783402335918088,1,37
40,Tournament,TwoPoint,60,60,0.7,0.05,0.14911142270653482,1,39
50,Tournament,TwoPoint,60,60,0.3,0.05,0.0615226241482878,1,28
60,Tournament,TwoPoint,60,40,0.3,0.1,0.18875495233550577,1,20
70,Tournament,TwoPoint,40,100,0.7,0.02,0.13731459533051912,1,36
60,Tournament,TwoPoint,60,40,0.4,0.02,0.035053554525830845,1,22
50,Tournament,TwoPoint,60,60,0.3,0.1,0.16860100506826176,1,29
40,Tournament,TwoPoint,60,60,0.7,0.1,0.21173917707715412,1,40
60,Tournament,TwoPoint,60,40,0.4,0.05,0.13150410427301806,1,23
70,Tournament,TwoPoint,40,100,0.7,0.05,0.25636770094709743,1,37
50,Tournament,TwoPoint,60,60,0.4,0.02,0.027649770840312882,0.334995096436744,31
60,Tournament,TwoPoint,60,40,0.4,0.1,0.22539063219265454,1,23
40,Tournament,TwoPoint,60,80,0.3,0.02,0.02801819973278346,0.08225280407286611,35
50,Tournament,TwoPoint,60,60,0.4,0.05,0.09377167866305473,1,35
60,Tournament,TwoPoint,60,40,0.5,0.02,0.05637421855878446,1,27
70,Tournament,TwoPoint,40,100,0.7,0.1,0.3074617880708433,1,41
70,Tournament,TwoPoint,60,20,0.3,0.02,0.08016283232621017,1,11
40,Tournament,TwoPoint,60,80,0.3,0.05,0.029648202331092298,0.4743059422480312,41
70,Tournament,TwoPoint,60,20,0.3,0.05,0.13152582339191463,1,12
60,Tournament,TwoPoint,60,40,0.5,0.05,0.1630220958167544,1,27
50,Tournament,TwoPoint,60,60,0.4,0.1,0.19584074197297824,1,37
70,Tournament,TwoPoint,60,20,0.3,0.1,0.19689090769566497,1,12
70,Tournament,TwoPoint,60,20,0.4,0.02,0.09380100362793256,1,13
60,Tournament,TwoPoint,60,40,0.5,0.1,0.24495675098142067,1,28
40,Tournament,TwoPoint,60,80,0.3,0.1,0.10884323901388843,1,42
70,Tournament,TwoPoint,60,20,0.4,0.05,0.1472303142590783,1,13
50,Tournament,TwoPoint,60,60,0.5,0.02,0.028175718677761533,0.385624387054593,38
70,Tournament,TwoPoint,60,20,0.4,0.1,0.21595357849038127,1,13
60,Tournament,TwoPoint,60,40,0.6,0.02,0.08971403524507843,1,29
70,Tournament,TwoPoint,60,20,0.5,0.02,0.1154107931807815,1,14
40,Tournament,TwoPoint,60,80,0.4,0.02,0.030180681404033172,0.23983772174051388,46
70,Tournament,TwoPoint,60,20,0.5,0.05,0.17039444055695163,1,15
50,Tournament,TwoPoint,60,60,0.5,0.05,0.13076873797172686,1,41
60,Tournament,TwoPoint,60,40,0.6,0.05,0.18985187984344454,1,31
70,Tournament,TwoPoint,60,20,0.5,0.1,0.23783605313218623,1,15
70,Tournament,TwoPoint,60,20,0.6,0.02,0.13362090730588322,1,15
60,Tournament,TwoPoint,60,40,0.6,0.1,0.2683875098436419,1,31
40,Tournament,TwoPoint,60,80,0.4,0.05,0.050974489481161595,1,47
70,Tournament,TwoPoint,60,20,0.6,0.05,0.213527630989305,1,15
50,Tournament,TwoPoint,60,60,0.5,0.1,0.2229838342853414,1,41
70,Tournament,TwoPoint,60,20,0.6,0.1,0.2682678504575391,1,16
60,Tournament,TwoPoint,60,40,0.7,0.02,0.12884446113200748,1,31
70,Tournament,TwoPoint,60,20,0.7,0.02,0.16947097107736442,1,16
50,Tournament,TwoPoint,60,60,0.6,0.02,0.05047464169393181,1,42
40,Tournament,TwoPoint,60,80,0.4,0.1,0.14173660414300362,1,46
70,Tournament,TwoPoint,60,20,0.7,0.05,0.2429974594370171,1,16
60,Tournament,TwoPoint,60,40,0.7,0.05,0.23989099670885364,1,31
70,Tournament,TwoPoint,60,20,0.7,0.1,0.2942932239347467,1,16
50,Tournament,TwoPoint,60,60,0.6,0.05,0.1689364688321372,1,42
60,Tournament,TwoPoint,60,40,0.7,0.1,0.3032589117493313,1,32
70,Tournament,TwoPoint,60,40,0.3,0.02,0.03844474020827736,1,22
40,Tournament,TwoPoint,60,80,0.5,0.02,0.028113414901669555,0.11033330681727786,49
70,Tournament,TwoPoint,60,40,0.3,0.05,0.1030816933844683,1,23
60,Tournament,TwoPoint,60,60,0.3,0.02,0.026774213287228652,0.6457014211340931,32
50,Tournament,TwoPoint,60,60,0.6,0.1,0.257303583571824,1,43
70,Tournament,TwoPoint,60,40,0.3,0.1,0.1950028743085899,1,24
40,Tournament,TwoPoint,60,80,0.5,0.05,0.07627103753436901,1,50
60,Tournament,TwoPoint,60,60,0.3,0.05,0.1014079744815966,1,33
70,Tournament,TwoPoint,60,40,0.4,0.02,0.049504746385307455,1,25
50,Tournament,TwoPoint,60,60,0.7,0.02,0.09301878862772103,1,45
70,Tournament,TwoPoint,60,40,0.4,0.05,0.13371361146101546,1,26
60,Tournament,TwoPoint,60,60,0.3,0.1,0.19171217850502878,1,35
40,Tournament,TwoPoint,60,80,0.5,0.1,0.16807122178848286,1,51
70,Tournament,TwoPoint,60,40,0.4,0.1,0.2213243781036104,1,27
50,Tournament,TwoPoint,60,60,0.7,0.05,0.20438496237520373,1,46
60,Tournament,TwoPoint,60,60,0.4,0.02,0.03561314404373622,1,37
70,Tournament,TwoPoint,60,40,0.5,0.02,0.06675238252726161,1,28
40,Tournament,TwoPoint,60,80,0.6,0.02,0.028848415629171224,0.30439105878609496,54
60,Tournament,TwoPoint,60,60,0.4,0.05,0.1296112602834088,1,37
50,Tournament,TwoPoint,60,60,0.7,0.1,0.2861508271622308,1,46
70,Tournament,TwoPoint,60,40,0.5,0.05,0.1605943844228391,1,28
60,Tournament,TwoPoint,60,60,0.4,0.1,0.2271573169769062,1,38
70,Tournament,TwoPoint,60,40,0.5,0.1,0.24062989972207127,1,29
40,Tournament,TwoPoint,60,80,0.6,0.05,0.10815477471232579,1,55
50,Tournament,TwoPoint,60,80,0.3,0.02,0.021113502779898683,0.12591073452425927,41
70,Tournament,TwoPoint,60,40,0.6,0.02,0.09079658236798671,1,30
60,Tournament,TwoPoint,60,60,0.5,0.02,0.04601013761855278,1,40
50,Tournament,TwoPoint,60,80,0.3,0.05,0.0633313113168158,1,42
40,Tournament,TwoPoint,60,80,0.6,0.1,0.1855611393141479,1,56
70,Tournament,TwoPoint,60,40,0.6,0.05,0.19281588414742867,1,31
60,Tournament,TwoPoint,60,60,0.5,0.05,0.1579476351931334,1,43
50,Tournament,TwoPoint,60,80,0.3,0.1,0.16360838820604262,1,46
70,Tournament,TwoPoint,60,40,0.6,0.1,0.27174233262357667,1,32
40,Tournament,TwoPoint,60,80,0.7,0.02,0.04677736130222531,1,60
60,Tournament,TwoPoint,60,60,0.5,0.1,0.25379301560106154,1,44
70,Tournament,TwoPoint,60,40,0.7,0.02,0.13190100540317118,1,34
50,Tournament,TwoPoint,60,80,0.4,0.02,0.023640813271434226,0.29089535323007176,48
70,Tournament,TwoPoint,60,40,0.7,0.05,0.22947350097213307,1,34
60,Tournament,TwoPoint,60,60,0.6,0.02,0.07735719298444123,1,44
40,Tournament,TwoPoint,60,80,0.7,0.05,0.15215680334594897,1,60
50,Tournament,TwoPoint,60,80,0.4,0.05,0.10011828993824669,1,49
70,Tournament,TwoPoint,60,40,0.7,0.1,0.29649911090796327,1,34
60,Tournament,TwoPoint,60,60,0.6,0.05,0.1932318213709257,1,44
70,Tournament,TwoPoint,60,60,0.3,0.02,0.03264788158428905,1,34
40,Tournament,TwoPoint,60,80,0.7,0.1,0.22658738544913415,1,60
50,Tournament,TwoPoint,60,80,0.4,0.1,0.20128170093874026,1,49
60,Tournament,TwoPoint,60,60,0.6,0.1,0.2736054938631693,1,45
70,Tournament,TwoPoint,60,60,0.3,0.05,0.10153740629498369,1,36
40,Tournament,TwoPoint,60,100,0.3,0.02,0.029214290477396807,0.19879086787049557,48
50,Tournament,TwoPoint,60,80,0.5,0.02,0.028073385448335327,0.6431840470742073,51
70,Tournament,TwoPoint,60,60,0.3,0.1,0.18883737966645076,1,37
60,Tournament,TwoPoint,60,60,0.7,0.02,0.12199905292549468,1,46
40,Tournament,TwoPoint,60,100,0.3,0.05,0.03514179203004319,1,51
70,Tournament,TwoPoint,60,60,0.4,0.02,0.03800954967524624,1,39
50,Tournament,TwoPoint,60,80,0.5,0.05,0.1352142318137513,1,53
60,Tournament,TwoPoint,60,60,0.7,0.05,0.2313271521484937,1,48
70,Tournament,TwoPoint,60,60,0.4,0.05,0.1285265144919668,1,39
40,Tournament,TwoPoint,60,100,0.3,0.1,0.11368004447973305,1,52
50,Tournament,TwoPoint,60,80,0.5,0.1,0.22742865262198347,1,54
60,Tournament,TwoPoint,60,60,0.7,0.1,0.3020218804824281,1,48
70,Tournament,TwoPoint,60,60,0.4,0.1,0.22036122560044646,1,41
40,Tournament,TwoPoint,60,100,0.4,0.02,0.029143936723424583,0.11777106037705831,56
60,Tournament,TwoPoint,60,80,0.3,0.02,0.0242910230669343,0.38440973687913327,44
50,Tournament,TwoPoint,60,80,0.6,0.02,0.04662159660573173,1,57
70,Tournament,TwoPoint,60,60,0.5,0.02,0.051501845081947835,1,42
60,Tournament,TwoPoint,60,80,0.3,0.05,0.09671637097641204,1,45
40,Tournament,TwoPoint,60,100,0.4,0.05,0.04624367624238064,0.5980431151061968,57
70,Tournament,TwoPoint,60,60,0.5,0.05,0.15694477792405068,1,43
50,Tournament,TwoPoint,60,80,0.6,0.05,0.16659673586487073,1,57
60,Tournament,TwoPoint,60,80,0.3,0.1,0.1934609103112072,1,46
70,Tournament,TwoPoint,60,60,0.5,0.1,0.2414071661581507,1,43
40,Tournament,TwoPoint,60,100,0.4,0.1,0.13962552729734645,1,58
50,Tournament,TwoPoint,60,80,0.6,0.1,0.25580469312733883,1,57
60,Tournament,TwoPoint,60,80,0.4,0.02,0.03149314109741594,0.6231884057971014,48
70,Tournament,TwoPoint,60,60,0.6,0.02,0.08246557985602386,1,45
40,Tournament,TwoPoint,60,100,0.5,0.02,0.028971517929156344,0.201853472277464,61
50,Tournament,TwoPoint,60,80,0.7,0.02,0.0864040275283245,1,60
60,Tournament,TwoPoint,60,80,0.4,0.05,0.12946834150748432,1,50
70,Tournament,TwoPoint,60,60,0.6,0.05,0.19330956120664525,1,46
40,Tournament,TwoPoint,60,100,0.5,0.05,0.06835847983950472,1,64
60,Tournament,TwoPoint,60,80,0.4,0.1,0.22557723502013874,1,53
70,Tournament,TwoPoint,60,60,0.6,0.1,0.26994481521359354,1,48
50,Tournament,TwoPoint,60,80,0.7,0.05,0.21261894689216046,1,62
70,Tournament,TwoPoint,60,60,0.7,0.02,0.12519703668374801,1,49
60,Tournament,TwoPoint,60,80,0.5,0.02,0.034147381212470046,0.4572956240326439,54
40,Tournament,TwoPoint,60,100,0.5,0.1,0.16496484780586673,1,65
50,Tournament,TwoPoint,60,80,0.7,0.1,0.28695597971505465,1,62
70,Tournament,TwoPoint,60,60,0.7,0.05,0.23668233562055602,1,51
60,Tournament,TwoPoint,60,80,0.5,0.05,0.15831602369796252,1,58
50,Tournament,TwoPoint,60,100,0.3,0.02,0.022317867339037404,0.1387014949538561,54
40,Tournament,TwoPoint,60,100,0.6,0.02,0.03315377790286477,1,70
70,Tournament,TwoPoint,60,60,0.7,0.1,0.29257361126639425,1,54
60,Tournament,TwoPoint,60,80,0.5,0.1,0.2441516328451784,1,59
50,Tournament,TwoPoint,60,100,0.3,0.05,0.06608671829794098,1,56
40,Tournament,TwoPoint,60,100,0.6,0.05,0.10685188535134442,1,71
70,Tournament,TwoPoint,60,80,0.3,0.02,0.023767140469188663,1,47
50,Tournament,TwoPoint,60,100,0.3,0.1,0.17319722907275792,1,55
60,Tournament,TwoPoint,60,80,0.6,0.02,0.07028638179934053,1,57
70,Tournament,TwoPoint,60,80,0.3,0.05,0.09555353319987421,1,46
40,Tournament,TwoPoint,60,100,0.6,0.1,0.1923702675972213,1,69
50,Tournament,TwoPoint,60,100,0.4,0.02,0.023789328506092815,0.19328211833932657,57
60,Tournament,TwoPoint,60,80,0.6,0.05,0.19163561971635068,1,58
70,Tournament,TwoPoint,60,80,0.3,0.1,0.1947438301817457,1,48
40,Tournament,TwoPoint,60,100,0.7,0.02,0.04158839835346291,1,71
50,Tournament,TwoPoint,60,100,0.4,0.05,0.08694127979994981,1,59
60,Tournament,TwoPoint,60,80,0.6,0.1,0.278494013212443,1,60
70,Tournament,TwoPoint,60,80,0.4,0.02,0.028171557008018596,1,51
70,Tournament,TwoPoint,60,80,0.4,0.05,0.13222268105179516,1,53
50,Tournament,TwoPoint,60,100,0.4,0.1,0.19434224513120482,1,61
60,Tournament,TwoPoint,60,80,0.7,0.02,0.11988897647432481,1,63
40,Tournament,TwoPoint,60,100,0.7,0.05,0.15411312436499888,1,74
70,Tournament,TwoPoint,60,80,0.4,0.1,0.21632687267993428,1,54
50,Tournament,TwoPoint,60,100,0.5,0.02,0.02478431445723798,0.3653731987694965,63
60,Tournament,TwoPoint,60,80,0.7,0.05,0.23570439809221802,1,63
40,Tournament,TwoPoint,60,100,0.7,0.1,0.21799571054205633,1,73
40,Tournament,TwoPoint,80,20,0.3,0.02,0.030138243030780876,0.4446742502585315,17
70,Tournament,TwoPoint,60,80,0.5,0.02,0.04931678329805699,1,54
40,Tournament,TwoPoint,80,20,0.3,0.05,0.04352277571556063,1,17
50,Tournament,TwoPoint,60,100,0.5,0.05,0.11910551485678374,1,64
60,Tournament,TwoPoint,60,80,0.7,0.1,0.2961395471092658,1,62
40,Tournament,TwoPoint,80,20,0.3,0.1,0.10518175182351541,1,17
40,Tournament,TwoPoint,80,20,0.4,0.02,0.026546353831935588,0.2524063320340466,19
70,Tournament,TwoPoint,60,80,0.5,0.05,0.1571149502759438,1,55
40,Tournament,TwoPoint,80,20,0.4,0.05,0.057279953218771676,1,19
60,Tournament,TwoPoint,60,100,0.3,0.02,0.025878760784443705,0.2290687367374896,52
40,Tournament,TwoPoint,80,20,0.4,0.1,0.12881387136165953,1,19
50,Tournament,TwoPoint,60,100,0.5,0.1,0.22173723223993833,1,65
40,Tournament,TwoPoint,80,20,0.5,0.02,0.03671474678408891,1,20
70,Tournament,TwoPoint,60,80,0.5,0.1,0.2466996751262876,1,56
40,Tournament,TwoPoint,80,20,0.5,0.05,0.08237120751968519,1,19
60,Tournament,TwoPoint,60,100,0.3,0.05,0.10158002809958555,1,52
40,Tournament,TwoPoint,80,20,0.5,0.1,0.15638572503945636,1,19
50,Tournament,TwoPoint,60,100,0.6,0.02,0.04630997110171514,1,63
70,Tournament,TwoPoint,60,80,0.6,0.02,0.07380675795206526,1,55
40,Tournament,TwoPoint,80,20,0.6,0.02,0.044350660607753944,1,21
60,Tournament,TwoPoint,60,100,0.3,0.1,0.19464866610967385,1,52
40,Tournament,TwoPoint,80,20,0.6,0.05,0.11124839789374578,1,21
40,Tournament,TwoPoint,80,20,0.6,0.1,0.18569655880118385,1,21
50,Tournament,TwoPoint,60,100,0.6,0.05,0.16440836645520293,1,64
70,Tournament,TwoPoint,60,80,0.6,0.05,0.19964479279899824,1,57
40,Tournament,TwoPoint,80,20,0.7,0.02,0.06531948184622315,1,23
60,Tournament,TwoPoint,60,100,0.4,0.02,0.023589730948371027,0.31421741115796825,55
40,Tournament,TwoPoint,80,20,0.7,0.05,0.1505603966541724,1,23
40,Tournament,TwoPoint,80,20,0.7,0.1,0.21896919324028669,1,23
50,Tournament,TwoPoint,60,100,0.6,0.1,0.2505515680497447,1,65
70,Tournament,TwoPoint,60,80,0.6,0.1,0.27263431440102537,1,57
60,Tournament,TwoPoint,60,100,0.4,0.05,0.13189187691522805,1,56
40,Tournament,TwoPoint,80,40,0.3,0.02,0.03084490514036766,0.1604818195421218,31
70,Tournament,TwoPoint,60,80,0.7,0.02,0.12165553287715687,1,59
40,Tournament,TwoPoint,80,40,0.3,0.05,0.03455506360347331,1,31
50,Tournament,TwoPoint,60,100,0.7,0.02,0.09161621532477687,1,68
60,Tournament,TwoPoint,60,100,0.4,0.1,0.2204879398967808,1,58
40,Tournament,TwoPoint,80,40,0.3,0.1,0.10719030643568979,1,31
70,Tournament,TwoPoint,60,80,0.7,0.05,0.22820115088426007,1,61
40,Tournament,TwoPoint,80,40,0.4,0.02,0.030774011026069092,0.24397725572347748,35
60,Tournament,TwoPoint,60,100,0.5,0.02,0.03764419687798814,1,61
50,Tournament,TwoPoint,60,100,0.7,0.05,0.2095758884485177,1,69
40,Tournament,TwoPoint,80,40,0.4,0.05,0.05109844930047033,1,35
70,Tournament,TwoPoint,60,80,0.7,0.1,0.29577577023266266,1,61
60,Tournament,TwoPoint,60,100,0.5,0.05,0.1548036242609055,1,62
40,Tournament,TwoPoint,80,40,0.4,0.1,0.133709323301428,1,35
50,Tournament,TwoPoint,60,100,0.7,0.1,0.28105284031452205,1,70
50,Tournament,TwoPoint,80,20,0.3,0.02,0.03830281014216417,1,17
70,Tournament,TwoPoint,60,100,0.3,0.02,0.0195595181384383,0.5957279137287432,54
40,Tournament,TwoPoint,80,40,0.5,0.02,0.03013871154129515,0.3959509983294885,41
50,Tournament,TwoPoint,80,20,0.3,0.05,0.08636812716255102,1,18
50,Tournament,TwoPoint,80,20,0.3,0.1,0.1668353776624941,1,17
60,Tournament,TwoPoint,60,100,0.5,0.1,0.25093260708634696,1,68
50,Tournament,TwoPoint,80,20,0.4,0.02,0.05323398816806565,1,18
40,Tournament,TwoPoint,80,40,0.5,0.05,0.06625640649000104,1,41
70,Tournament,TwoPoint,60,100,0.3,0.05,0.1002411552825552,1,56
50,Tournament,TwoPoint,80,20,0.4,0.05,0.1096457641305503,1,19
50,Tournament,TwoPoint,80,20,0.4,0.1,0.19669076790619053,1,18
40,Tournament,TwoPoint,80,40,0.5,0.1,0.14803246371264872,1,40
60,Tournament,TwoPoint,60,100,0.6,0.02,0.07251223593198829,1,67
50,Tournament,TwoPoint,80,20,0.5,0.02,0.06259175036476856,1,22
70,Tournament,TwoPoint,60,100,0.3,0.1,0.19393830236361675,1,59
50,Tournament,TwoPoint,80,20,0.5,0.05,0.13236005646750537,1,22
40,Tournament,TwoPoint,80,40,0.6,0.02,0.028598015911482005,0.6363455572349057,46
50,Tournament,TwoPoint,80,20,0.5,0.1,0.22012553460842438,1,21
60,Tournament,TwoPoint,60,100,0.6,0.05,0.19090618692508482,1,71
50,Tournament,TwoPoint,80,20,0.6,0.02,0.08946156807670187,1,23
40,Tournament,TwoPoint,80,40,0.6,0.05,0.09807404189762686,1,45
70,Tournament,TwoPoint,60,100,0.4,0.02,0.033082130625535236,1,60
50,Tournament,TwoPoint,80,20,0.6,0.05,0.17144567513884934,1,22
50,Tournament,TwoPoint,80,20,0.6,0.1,0.2498620793432267,1,23
40,Tournament,TwoPoint,80,40,0.6,0.1,0.18441990525882532,1,44
60,Tournament,TwoPoint,60,100,0.6,0.1,0.2736157402422519,1,71
70,Tournament,TwoPoint,60,100,0.4,0.05,0.1252891168854323,1,61
50,Tournament,TwoPoint,80,20,0.7,0.02,0.12478523628204112,1,24
50,Tournament,TwoPoint,80,20,0.7,0.05,0.21485564079749797,1,24
40,Tournament,TwoPoint,80,40,0.7,0.02,0.04856556026245682,1,46
50,Tournament,TwoPoint,80,20,0.7,0.1,0.27992239495624677,1,24
70,Tournament,TwoPoint,60,100,0.4,0.1,0.22173916490664897,1,62
60,Tournament,TwoPoint,60,100,0.7,0.02,0.12016174465983141,1,71
40,Tournament,TwoPoint,80,40,0.7,0.05,0.1417427040479402,1,47
50,Tournament,TwoPoint,80,40,0.3,0.02,0.027954798968676448,0.5470883479950348,33
50,Tournament,TwoPoint,80,40,0.3,0.05,0.06846581327485574,1,32
40,Tournament,TwoPoint,80,40,0.7,0.1,0.207543822319878,1,46
70,Tournament,TwoPoint,60,100,0.5,0.02,0.04875272450351592,1,64
60,Tournament,TwoPoint,60,100,0.7,0.05,0.23022597186528176,1,72
50,Tournament,TwoPoint,80,40,0.3,0.1,0.16252211173907366,1,33
40,Tournament,TwoPoint,80,60,0.3,0.02,0.028735333332603884,0.25169039853631375,45
50,Tournament,TwoPoint,80,40,0.4,0.02,0.027910809569037198,0.5113605699174267,36
70,Tournament,TwoPoint,60,100,0.5,0.05,0.1593093665515068,1,66
60,Tournament,TwoPoint,60,100,0.7,0.1,0.305848281878503,1,73
40,Tournament,TwoPoint,80,60,0.3,0.05,0.033236563417263165,1,47
50,Tournament,TwoPoint,80,40,0.4,0.05,0.0860191975288907,1,37
60,Tournament,TwoPoint,80,20,0.3,0.02,0.06177207198105667,1,17
60,Tournament,TwoPoint,80,20,0.3,0.05,0.12286347004035311,1,18
70,Tournament,TwoPoint,60,100,0.5,0.1,0.2496225392344285,1,69
50,Tournament,TwoPoint,80,40,0.4,0.1,0.1987892111438935,1,39
40,Tournament,TwoPoint,80,60,0.3,0.1,0.10803202763051967,1,50
60,Tournament,TwoPoint,80,20,0.3,0.1,0.196893293713315,1,18
60,Tournament,TwoPoint,80,20,0.4,0.02,0.08417226229763816,1,19
50,Tournament,TwoPoint,80,40,0.5,0.02,0.032498263491874735,0.6726462896371364,39
60,Tournament,TwoPoint,80,20,0.4,0.05,0.14093442215323276,1,19
40,Tournament,TwoPoint,80,60,0.4,0.02,0.028989105725563378,0.1925463368069366,51
60,Tournament,TwoPoint,80,20,0.4,0.1,0.21667058877078801,1,19
70,Tournament,TwoPoint,60,100,0.6,0.02,0.07178302852721087,1,69
50,Tournament,TwoPoint,80,40,0.5,0.05,0.13089668208573252,1,40
60,Tournament,TwoPoint,80,20,0.5,0.02,0.09859484925995039,1,20
60,Tournament,TwoPoint,80,20,0.5,0.05,0.164572805399626,1,21
40,Tournament,TwoPoint,80,60,0.4,0.05,0.041012432703509655,1,51
50,Tournament,TwoPoint,80,40,0.5,0.1,0.22178790810688515,1,41
60,Tournament,TwoPoint,80,20,0.5,0.1,0.23807950627174632,1,21
70,Tournament,TwoPoint,60,100,0.6,0.05,0.18991103847385798,1,70
60,Tournament,TwoPoint,80,20,0.6,0.02,0.12798810445985867,1,22
40,Tournament,TwoPoint,80,60,0.4,0.1,0.12488721840817442,1,53
50,Tournament,TwoPoint,80,40,0.6,0.02,0.04651280286744528,1,43
60,Tournament,TwoPoint,80,20,0.6,0.05,0.1945839485411174,1,31
60,Tournament,TwoPoint,80,20,0.6,0.1,0.2682282976461732,1,25
50,Tournament,TwoPoint,80,40,0.6,0.05,0.1599549640212159,1,54
70,Tournament,TwoPoint,60,100,0.6,0.1,0.26605248182226654,1,82
40,Tournament,TwoPoint,80,60,0.5,0.02,0.03137046053380585,0.35721104128549835,67
60,Tournament,TwoPoint,80,20,0.7,0.02,0.1576527842380883,1,24
60,Tournament,TwoPoint,80,20,0.7,0.05,0.23540376791169088,1,24
50,Tournament,TwoPoint,80,40,0.6,0.1,0.24238421212073274,1,44
60,Tournament,TwoPoint,80,20,0.7,0.1,0.29498337846545014,1,24
40,Tournament,TwoPoint,80,60,0.5,0.05,0.06625663993547903,1,58
70,Tournament,TwoPoint,60,100,0.7,0.02,0.11913467894434207,1,74
50,Tournament,TwoPoint,80,40,0.7,0.02,0.07965914399927441,1,46
60,Tournament,TwoPoint,80,40,0.3,0.02,0.02998048489693034,1,33
40,Tournament,TwoPoint,80,60,0.5,0.1,0.1577399880609058,1,59
60,Tournament,TwoPoint,80,40,0.3,0.05,0.09722718048968826,1,33
50,Tournament,TwoPoint,80,40,0.7,0.05,0.20375203599259323,1,47
70,Tournament,TwoPoint,60,100,0.7,0.05,0.23387745722405096,1,75
60,Tournament,TwoPoint,80,40,0.3,0.1,0.18916384406848405,1,35
50,Tournament,TwoPoint,80,40,0.7,0.1,0.28125315723038236,1,48
40,Tournament,TwoPoint,80,60,0.6,0.02,0.027614094051386123,0.27790151936997853,63
60,Tournament,TwoPoint,80,40,0.4,0.02,0.038221898621788555,1,37
70,Tournament,TwoPoint,60,100,0.7,0.1,0.2978042207783345,1,76
50,Tournament,TwoPoint,80,60,0.3,0.02,0.02395304156764828,0.2788061956932376,47
60,Tournament,TwoPoint,80,40,0.4,0.05,0.12928239078652268,1,38
70,Tournament,TwoPoint,80,20,0.3,0.02,0.079527015027396,1,17
40,Tournament,TwoPoint,80,60,0.6,0.05,0.10303272501369114,1,63
70,Tournament,TwoPoint,80,20,0.3,0.05,0.12544713605596425,1,18
60,Tournament,TwoPoint,80,40,0.4,0.1,0.2118859610891968,1,39
50,Tournament,TwoPoint,80,60,0.3,0.05,0.06755296519975451,1,48
70,Tournament,TwoPoint,80,20,0.3,0.1,0.19543382037963425,1,18
70,Tournament,TwoPoint,80,20,0.4,0.02,0.08865680996457659,1,19
40,Tournament,TwoPoint,80,60,0.6,0.1,0.1802149045255098,1,64
60,Tournament,TwoPoint,80,40,0.5,0.02,0.051721214452104605,1,41
70,Tournament,TwoPoint,80,20,0.4,0.05,0.14405546967427038,1,20
50,Tournament,TwoPoint,80,60,0.3,0.1,0.16642509381582365,1,49
70,Tournament,TwoPoint,80,20,0.4,0.1,0.21975714020071102,1,20
60,Tournament,TwoPoint,80,40,0.5,0.05,0.15723380914568272,1,42
70,Tournament,TwoPoint,80,20,0.5,0.02,0.10828654698741187,1,22
50,Tournament,TwoPoint,80,60,0.4,0.02,0.026686115074089557,0.30951481461492797,55
40,Tournament,TwoPoint,80,60,0.7,0.02,0.04044224710964039,1,69
70,Tournament,TwoPoint,80,20,0.5,0.05,0.16812284686735143,1,23
60,Tournament,TwoPoint,80,40,0.5,0.1,0.23518836378873179,1,45
70,Tournament,TwoPoint,80,20,0.5,0.1,0.24856143212752826,1,23
70,Tournament,TwoPoint,80,20,0.6,0.02,0.13056960311404223,1,25
50,Tournament,TwoPoint,80,60,0.4,0.05,0.09447539119705527,1,58
60,Tournament,TwoPoint,80,40,0.6,0.02,0.07895516218630896,1,48
40,Tournament,TwoPoint,80,60,0.7,0.05,0.14402174499538856,1,74
70,Tournament,TwoPoint,80,20,0.6,0.05,0.20092869675225397,1,25
70,Tournament,TwoPoint,80,20,0.6,0.1,0.26674210063995873,1,25
60,Tournament,TwoPoint,80,40,0.6,0.05,0.18601371846429907,1,48
50,Tournament,TwoPoint,80,60,0.4,0.1,0.19658796421659047,1,60
70,Tournament,TwoPoint,80,20,0.7,0.02,0.15788411452705473,1,26
40,Tournament,TwoPoint,80,60,0.7,0.1,0.22411790106439144,1,75
70,Tournament,TwoPoint,80,20,0.7,0.05,0.23388723504020817,1,27
60,Tournament,TwoPoint,80,40,0.6,0.1,0.2720133694041137,1,49
50,Tournament,TwoPoint,80,60,0.5,0.02,0.03403978487372985,1,63
70,Tournament,TwoPoint,80,20,0.7,0.1,0.2889100382348604,1,27
40,Tournament,TwoPoint,80,80,0.3,0.02,0.026120568619400868,0.05872652091139486,63
60,Tournament,TwoPoint,80,40,0.7,0.02,0.11355671657819605,1,49
70,Tournament,TwoPoint,80,40,0.3,0.02,0.031081020930515284,1,35
50,Tournament,TwoPoint,80,60,0.5,0.05,0.1272387347480106,1,61
70,Tournament,TwoPoint,80,40,0.3,0.05,0.10065205809556291,1,35
60,Tournament,TwoPoint,80,40,0.7,0.05,0.2254844865521423,1,48
40,Tournament,TwoPoint,80,80,0.3,0.05,0.03107419859156893,0.5480868665977249,62
70,Tournament,TwoPoint,80,40,0.3,0.1,0.18682324268297532,1,36
50,Tournament,TwoPoint,80,60,0.5,0.1,0.21619606785687015,1,61
60,Tournament,TwoPoint,80,40,0.7,0.1,0.2955584535181862,1,50
70,Tournament,TwoPoint,80,40,0.4,0.02,0.0424426017507972,1,39
40,Tournament,TwoPoint,80,80,0.3,0.1,0.1077684684315693,1,62
60,Tournament,TwoPoint,80,60,0.3,0.02,0.027532283082431056,0.49022090896299425,49
50,Tournament,TwoPoint,80,60,0.6,0.02,0.040255485986489134,0.7860111177073776,64
70,Tournament,TwoPoint,80,40,0.4,0.05,0.12490803929798945,1,40
40,Tournament,TwoPoint,80,80,0.4,0.02,0.029545932867443114,0.20821732559064512,68
70,Tournament,TwoPoint,80,40,0.4,0.1,0.21690142553056715,1,41
60,Tournament,TwoPoint,80,60,0.3,0.05,0.09054414112566615,1,50
50,Tournament,TwoPoint,80,60,0.6,0.05,0.15899754625551774,1,66
70,Tournament,TwoPoint,80,40,0.5,0.02,0.059111058125074285,1,43
60,Tournament,TwoPoint,80,60,0.3,0.1,0.1900408382511639,1,51
40,Tournament,TwoPoint,80,80,0.4,0.05,0.04802671254304412,1,69
70,Tournament,TwoPoint,80,40,0.5,0.05,0.15078509115076116,1,44
50,Tournament,TwoPoint,80,60,0.6,0.1,0.24628840460722237,1,66
60,Tournament,TwoPoint,80,60,0.4,0.02,0.029556715594240238,1,55
70,Tournament,TwoPoint,80,40,0.5,0.1,0.2397840867412921,1,44
40,Tournament,TwoPoint,80,80,0.4,0.1,0.1314686411179017,1,70
50,Tournament,TwoPoint,80,60,0.7,0.02,0.07849687991420709,1,70
60,Tournament,TwoPoint,80,60,0.4,0.05,0.126935705066666,1,57
70,Tournament,TwoPoint,80,40,0.6,0.02,0.08406990700494812,1,46
40,Tournament,TwoPoint,80,80,0.5,0.02,0.032888848192321816,0.3589213268634158,76
60,Tournament,TwoPoint,80,60,0.4,0.1,0.21193584919871877,1,58
70,Tournament,TwoPoint,80,40,0.6,0.05,0.1933242245590404,1,48
50,Tournament,TwoPoint,80,60,0.7,0.05,0.2098762167437333,1,71
70,Tournament,TwoPoint,80,40,0.6,0.1,0.2645341095539298,1,48
60,Tournament,TwoPoint,80,60,0.5,0.02,0.03924712834130382,1,61
40,Tournament,TwoPoint,80,80,0.5,0.05,0.07027140953430827,1,78
50,Tournament,TwoPoint,80,60,0.7,0.1,0.2726147246964089,1,71
70,Tournament,TwoPoint,80,40,0.7,0.02,0.12197588952518573,1,50
60,Tournament,TwoPoint,80,60,0.5,0.05,0.16118848327217072,1,63
50,Tournament,TwoPoint,80,80,0.3,0.02,0.02270889855975103,0.16712978097417458,62
40,Tournament,TwoPoint,80,80,0.5,0.1,0.16366142298784647,1,78
70,Tournament,TwoPoint,80,40,0.7,0.05,0.22182697196210344,1,51
60,Tournament,TwoPoint,80,60,0.5,0.1,0.24517018410712246,1,63
70,Tournament,TwoPoint,80,40,0.7,0.1,0.2892261250839734,1,51
50,Tournament,TwoPoint,80,80,0.3,0.05,0.06356369977869109,1,64
40,Tournament,TwoPoint,80,80,0.6,0.02,0.028180387189134345,0.1868921143199162,83
70,Tournament,TwoPoint,80,60,0.3,0.02,0.02205959460903697,0.7475736209041891,51
60,Tournament,TwoPoint,80,60,0.6,0.02,0.06682655715061442,1,67
50,Tournament,TwoPoint,80,80,0.3,0.1,0.16690655003651783,1,65
70,Tournament,TwoPoint,80,60,0.3,0.05,0.10162877067426006,1,53
40,Tournament,TwoPoint,80,80,0.6,0.05,0.10292910725674168,1,84
60,Tournament,TwoPoint,80,60,0.6,0.05,0.19159873588051146,1,68
50,Tournament,TwoPoint,80,80,0.4,0.02,0.02452268214409913,0.22807490960116575,70
70,Tournament,TwoPoint,80,60,0.3,0.1,0.1929340167589867,1,54
60,Tournament,TwoPoint,80,60,0.6,0.1,0.26178670682504424,1,69
40,Tournament,TwoPoint,80,80,0.6,0.1,0.1843691784512611,1,85
50,Tournament,TwoPoint,80,80,0.4,0.05,0.08673236672668605,1,72
70,Tournament,TwoPoint,80,60,0.4,0.02,0.03582685744397474,1,58
60,Tournament,TwoPoint,80,60,0.7,0.02,0.11617306649375189,1,72
70,Tournament,TwoPoint,80,60,0.4,0.05,0.12635021681007344,1,59
40,Tournament,TwoPoint,80,80,0.7,0.02,0.035169518836577596,0.5813380001590963,89
50,Tournament,TwoPoint,80,80,0.4,0.1,0.19807117136377955,1,73
60,Tournament,TwoPoint,80,60,0.7,0.05,0.2302849343277056,1,72
70,Tournament,TwoPoint,80,60,0.4,0.1,0.2165794128452915,1,60
50,Tournament,TwoPoint,80,80,0.5,0.02,0.02628610584611462,0.3552269415510821,78
40,Tournament,TwoPoint,80,80,0.7,0.05,0.1409645577430442,1,91
70,Tournament,TwoPoint,80,60,0.5,0.02,0.0482000118899551,1,64
60,Tournament,TwoPoint,80,60,0.7,0.1,0.29390794630830447,1,74
50,Tournament,TwoPoint,80,80,0.5,0.05,0.13288654059114438,1,85
40,Tournament,TwoPoint,80,80,0.7,0.1,0.21860864798689023,1,98
70,Tournament,TwoPoint,80,60,0.5,0.05,0.15391944266405191,1,70
60,Tournament,TwoPoint,80,80,0.3,0.02,0.021707789514271436,0.22608719009374412,70
50,Tournament,TwoPoint,80,80,0.5,0.1,0.2289254291911309,1,84
70,Tournament,TwoPoint,80,60,0.5,0.1,0.23856816298302416,1,67
40,Tournament,TwoPoint,80,100,0.3,0.02,0.026311650207254303,0.05872652091139486,75
60,Tournament,TwoPoint,80,80,0.3,0.05,0.09170998756207464,1,68
70,Tournament,TwoPoint,80,60,0.6,0.02,0.0723489460775387,1,71
60,Tournament,TwoPoint,80,80,0.3,0.1,0.19776114831689245,1,70
50,Tournament,TwoPoint,80,80,0.6,0.02,0.043119967144510725,1,88
40,Tournament,TwoPoint,80,100,0.3,0.05,0.03630416676120492,1,79
70,Tournament,TwoPoint,80,60,0.6,0.05,0.18613421046315343,1,73
60,Tournament,TwoPoint,80,80,0.4,0.02,0.03403233423814618,1,78
40,Tournament,TwoPoint,80,100,0.3,0.1,0.10854999452519362,1,84
50,Tournament,TwoPoint,80,80,0.6,0.05,0.16502875720050114,1,93
70,Tournament,TwoPoint,80,60,0.6,0.1,0.2640333838815193,1,75
60,Tournament,TwoPoint,80,80,0.4,0.05,0.12536730275613725,1,78
40,Tournament,TwoPoint,80,100,0.4,0.02,0.02762914786542605,0.05872652091139486,86
50,Tournament,TwoPoint,80,80,0.6,0.1,0.23802867490475024,1,90
70,Tournament,TwoPoint,80,60,0.7,0.02,0.11644232662402026,1,75
60,Tournament,TwoPoint,80,80,0.4,0.1,0.2094654933703667,1,77
40,Tournament,TwoPoint,80,100,0.4,0.05,0.045532269996562846,1,87
50,Tournament,TwoPoint,80,80,0.7,0.02,0.08471417573983794,1,92
70,Tournament,TwoPoint,80,60,0.7,0.05,0.2223140417342815,1,76
60,Tournament,TwoPoint,80,80,0.5,0.02,0.044207677312831685,1,81
40,Tournament,TwoPoint,80,100,0.4,0.1,0.1373966937444094,1,88
70,Tournament,TwoPoint,80,60,0.7,0.1,0.28231489994703834,1,77
50,Tournament,TwoPoint,80,80,0.7,0.05,0.2000903516666226,1,94
60,Tournament,TwoPoint,80,80,0.5,0.05,0.15215013287878248,1,84
70,Tournament,TwoPoint,80,80,0.3,0.02,0.017495263513386147,0.43641642472003317,71
40,Tournament,TwoPoint,80,100,0.5,0.02,0.0293665005198195,0.201853472277464,98
50,Tournament,TwoPoint,80,80,0.7,0.1,0.27055451905406036,1,99
60,Tournament,TwoPoint,80,80,0.5,0.1,0.23093281560327633,1,89
70,Tournament,TwoPoint,80,80,0.3,0.05,0.0981797730873714,1,72
50,Tournament,TwoPoint,80,100,0.3,0.02,0.019568151649258115,0.07301160514817817,81
40,Tournament,TwoPoint,80,100,0.5,0.05,0.06598863577933209,1,100
60,Tournament,TwoPoint,80,80,0.6,0.02,0.06275689849887234,1,92
70,Tournament,TwoPoint,80,80,0.3,0.1,0.1884831221040859,1,76
50,Tournament,TwoPoint,80,100,0.3,0.05,0.06226013134390489,1,85
40,Tournament,TwoPoint,80,100,0.5,0.1,0.14918887601424385,1,105
70,Tournament,TwoPoint,80,80,0.4,0.02,0.03233072276540273,1,80
60,Tournament,TwoPoint,80,80,0.6,0.05,0.1859741339591655,1,95
50,Tournament,TwoPoint,80,100,0.3,0.1,0.1739590630706173,1,85
70,Tournament,TwoPoint,80,80,0.4,0.05,0.12916467977687673,1,81
40,Tournament,TwoPoint,80,100,0.6,0.02,0.026700223641990803,0.2569008034364808,106
60,Tournament,TwoPoint,80,80,0.6,0.1,0.26650728846602356,1,94
50,Tournament,TwoPoint,80,100,0.4,0.02,0.02150290185679774,0.13411409142425387,91
70,Tournament,TwoPoint,80,80,0.4,0.1,0.2166763528684037,1,85
60,Tournament,TwoPoint,80,80,0.7,0.02,0.11441583790393633,1,102
40,Tournament,TwoPoint,80,100,0.6,0.05,0.10752962695610357,1,115
50,Tournament,TwoPoint,80,100,0.4,0.05,0.09196528112128984,1,96
70,Tournament,TwoPoint,80,80,0.5,0.02,0.0477570853569055,1,88
60,Tournament,TwoPoint,80,80,0.7,0.05,0.22776681340594687,1,99
40,Tournament,TwoPoint,80,100,0.6,0.1,0.18245057110760168,1,108
50,Tournament,TwoPoint,80,100,0.4,0.1,0.20050209431221408,1,93
70,Tournament,TwoPoint,80,80,0.5,0.05,0.1549332013316891,1,89
60,Tournament,TwoPoint,80,80,0.7,0.1,0.2988943570750285,1,100
40,Tournament,TwoPoint,80,100,0.7,0.02,0.03732563053447207,1,116
70,Tournament,TwoPoint,80,80,0.5,0.1,0.24035153901113923,1,91
50,Tournament,TwoPoint,80,100,0.5,0.02,0.025261803736749598,0.16363538237357655,101
60,Tournament,TwoPoint,80,100,0.3,0.02,0.02549459144338812,0.3991839031940341,83
70,Tournament,TwoPoint,80,80,0.6,0.02,0.07368158645517325,1,93
50,Tournament,TwoPoint,80,100,0.5,0.05,0.12435357112897268,1,101
40,Tournament,TwoPoint,80,100,0.7,0.05,0.1443697845585897,1,114
60,Tournament,TwoPoint,80,100,0.3,0.05,0.09707452708784213,1,85
70,Tournament,TwoPoint,80,80,0.6,0.05,0.18711088683780314,1,95
50,Tournament,TwoPoint,80,100,0.5,0.1,0.21620627449424729,1,104
60,Tournament,TwoPoint,80,100,0.3,0.1,0.19185897013915706,1,87
40,Tournament,TwoPoint,80,100,0.7,0.1,0.2229071081748416,1,117
40,Tournament,TwoPoint,100,20,0.3,0.02,0.029854033964880015,0.5316601702330761,23
40,Tournament,TwoPoint,100,20,0.3,0.05,0.04134807403894159,1,23
70,Tournament,TwoPoint,80,80,0.6,0.1,0.2641642617560073,1,97
40,Tournament,TwoPoint,100,20,0.3,0.1,0.1073903395617428,1,24
50,Tournament,TwoPoint,80,100,0.6,0.02,0.03640735959875875,0.5761686825760052,107
60,Tournament,TwoPoint,80,100,0.4,0.02,0.029649619460810142,0.6585056986070071,91
40,Tournament,TwoPoint,100,20,0.4,0.02,0.026249440264748243,0.2815601775649658,26
40,Tournament,TwoPoint,100,20,0.4,0.05,0.05272901952398192,1,27
40,Tournament,TwoPoint,100,20,0.4,0.1,0.13163368606357984,1,27
70,Tournament,TwoPoint,80,80,0.7,0.02,0.10735586523215736,1,100
60,Tournament,TwoPoint,80,100,0.4,0.05,0.12798359967420064,1,94
40,Tournament,TwoPoint,100,20,0.5,0.02,0.02943535633947231,0.6288282555087106,29
50,Tournament,TwoPoint,80,100,0.6,0.05,0.1586598553905809,1,109
40,Tournament,TwoPoint,100,20,0.5,0.05,0.07908647267130035,1,30
40,Tournament,TwoPoint,100,20,0.5,0.1,0.1522674077770859,1,30
70,Tournament,TwoPoint,80,80,0.7,0.05,0.2258682861881709,1,101
60,Tournament,TwoPoint,80,100,0.4,0.1,0.21179959420304784,1,97
40,Tournament,TwoPoint,100,20,0.6,0.02,0.043099141513046293,1,32
50,Tournament,TwoPoint,80,100,0.6,0.1,0.24878493385912254,1,113
40,Tournament,TwoPoint,100,20,0.6,0.05,0.10925936944646975,1,35
40,Tournament,TwoPoint,100,20,0.6,0.1,0.180776859270015,1,33
70,Tournament,TwoPoint,80,80,0.7,0.1,0.2832508284015678,1,104
60,Tournament,TwoPoint,80,100,0.5,0.02,0.03596708540939636,1,104
40,Tournament,TwoPoint,100,20,0.7,0.02,0.06454081903848655,1,36
40,Tournament,TwoPoint,100,20,0.7,0.05,0.14319693093305175,1,40
50,Tournament,TwoPoint,80,100,0.7,0.02,0.07431809604706303,1,122
70,Tournament,TwoPoint,80,100,0.3,0.02,0.015422195539930612,0.21538780588967232,93
40,Tournament,TwoPoint,100,20,0.7,0.1,0.20511251805340056,1,40
60,Tournament,TwoPoint,80,100,0.5,0.05,0.16012934924025557,1,115
40,Tournament,TwoPoint,100,40,0.3,0.02,0.030397378976151686,0.20825709967385253,48
70,Tournament,TwoPoint,80,100,0.3,0.05,0.10040745053134943,1,93
50,Tournament,TwoPoint,80,100,0.7,0.05,0.20474177975792962,1,125
40,Tournament,TwoPoint,100,40,0.3,0.05,0.03227081592365596,0.7745604963805585,48
60,Tournament,TwoPoint,80,100,0.5,0.1,0.23323524093710643,1,108
40,Tournament,TwoPoint,100,40,0.3,0.1,0.10467989075396393,1,47
70,Tournament,TwoPoint,80,100,0.3,0.1,0.19275474786607308,1,91
40,Tournament,TwoPoint,100,40,0.4,0.02,0.027758510125982676,0.08235553960409707,52
50,Tournament,TwoPoint,80,100,0.7,0.1,0.2683525507784293,1,119
50,Tournament,TwoPoint,100,20,0.3,0.02,0.045607085792321284,1,24
60,Tournament,TwoPoint,80,100,0.6,0.02,0.0741005212795473,1,111
40,Tournament,TwoPoint,100,40,0.4,0.05,0.042806840184733685,0.747553893882746,53
50,Tournament,TwoPoint,100,20,0.3,0.05,0.0915513458580314,1,24
70,Tournament,TwoPoint,80,100,0.4,0.02,0.033201057471505244,1,96
50,Tournament,TwoPoint,100,20,0.3,0.1,0.168882264101358,1,25
40,Tournament,TwoPoint,100,40,0.4,0.1,0.12940700398207397,1,57
50,Tournament,TwoPoint,100,20,0.4,0.02,0.046521272756759574,1,29
50,Tournament,TwoPoint,100,20,0.4,0.05,0.10219908647549111,1,28
60,Tournament,TwoPoint,80,100,0.6,0.05,0.1885567365506652,1,117
40,Tournament,TwoPoint,100,40,0.5,0.02,0.030170503094217826,0.23494550950600587,61
50,Tournament,TwoPoint,100,20,0.4,0.1,0.19338127583227974,1,29
70,Tournament,TwoPoint,80,100,0.4,0.05,0.1294336006222391,1,102
50,Tournament,TwoPoint,100,20,0.5,0.02,0.06663605173336537,1,32
40,Tournament,TwoPoint,100,40,0.5,0.05,0.06341649219856695,1,63
50,Tournament,TwoPoint,100,20,0.5,0.05,0.12596017942349505,1,31
50,Tournament,TwoPoint,100,20,0.5,0.1,0.21991168108116577,1,32
70,Tournament,TwoPoint,80,100,0.4,0.1,0.2218066634482034,1,104
60,Tournament,TwoPoint,80,100,0.6,0.1,0.26561720383896503,1,119
40,Tournament,TwoPoint,100,40,0.5,0.1,0.15218199190066506,1,63
50,Tournament,TwoPoint,100,20,0.6,0.02,0.08458611850720628,1,35
50,Tournament,TwoPoint,100,20,0.6,0.05,0.17762589221023198,1,35
40,Tournament,TwoPoint,100,40,0.6,0.02,0.0321310330163063,0.8337443321931429,67
50,Tournament,TwoPoint,100,20,0.6,0.1,0.24591415880975578,1,34
70,Tournament,TwoPoint,80,100,0.5,0.02,0.04527207984106107,1,108
60,Tournament,TwoPoint,80,100,0.7,0.02,0.11273721254494568,1,122
50,Tournament,TwoPoint,100,20,0.7,0.02,0.11978413548810961,1,37
40,Tournament,TwoPoint,100,40,0.6,0.05,0.09428205174873203,1,69
50,Tournament,TwoPoint,100,20,0.7,0.05,0.20010997111427214,1,40
50,Tournament,TwoPoint,100,20,0.7,0.1,0.27080042830168144,1,40
40,Tournament,TwoPoint,100,40,0.6,0.1,0.18171277249891346,1,74
70,Tournament,TwoPoint,80,100,0.5,0.05,0.1554850315085191,1,119
60,Tournament,TwoPoint,80,100,0.7,0.05,0.2262853824505806,1,134
50,Tournament,TwoPoint,100,40,0.3,0.02,0.0257618416550704,0.31081008149387446,52
40,Tournament,TwoPoint,100,40,0.7,0.02,0.03446788205756427,0.5245406093389547,74
50,Tournament,TwoPoint,100,40,0.3,0.05,0.0679590980850824,1,51
70,Tournament,TwoPoint,80,100,0.5,0.1,0.24024897577057394,1,116
50,Tournament,TwoPoint,100,40,0.3,0.1,0.15892038945129003,1,50
40,Tournament,TwoPoint,100,40,0.7,0.05,0.13338537970714126,1,71
60,Tournament,TwoPoint,80,100,0.7,0.1,0.29835989842422567,1,125
60,Tournament,TwoPoint,100,20,0.3,0.02,0.05741597626083757,1,25
50,Tournament,TwoPoint,100,40,0.4,0.02,0.026151371832134247,0.3559285444438448,54
60,Tournament,TwoPoint,100,20,0.3,0.05,0.1203012577789147,1,25
40,Tournament,TwoPoint,100,40,0.7,0.1,0.209379857491037,1,71
70,Tournament,TwoPoint,80,100,0.6,0.02,0.07054811142256598,1,116
60,Tournament,TwoPoint,100,20,0.3,0.1,0.19596468885078525,1,26
50,Tournament,TwoPoint,100,40,0.4,0.05,0.09319816034598084,1,58
60,Tournament,TwoPoint,100,20,0.4,0.02,0.08010322793413943,1,32
40,Tournament,TwoPoint,100,60,0.3,0.02,0.026638242068095605,0.05872652091139486,76
60,Tournament,TwoPoint,100,20,0.4,0.05,0.14075581333435122,1,32
50,Tournament,TwoPoint,100,40,0.4,0.1,0.18896407902509374,1,63
60,Tournament,TwoPoint,100,20,0.4,0.1,0.22178321705121473,1,32
70,Tournament,TwoPoint,80,100,0.6,0.05,0.18387141229327497,1,131
40,Tournament,TwoPoint,100,60,0.3,0.05,0.02837305015527094,0.3449208495744173,78
60,Tournament,TwoPoint,100,20,0.5,0.02,0.10423078785933983,1,35
50,Tournament,TwoPoint,100,40,0.5,0.02,0.034130836323417395,1,67
60,Tournament,TwoPoint,100,20,0.5,0.05,0.1641653743252679,1,33
60,Tournament,TwoPoint,100,20,0.5,0.1,0.23440754014116724,1,32
50,Tournament,TwoPoint,100,40,0.5,0.05,0.12366013112807885,1,62
40,Tournament,TwoPoint,100,60,0.3,0.1,0.10710894265709615,1,74
60,Tournament,TwoPoint,100,20,0.6,0.02,0.1197210815830095,1,34
70,Tournament,TwoPoint,80,100,0.6,0.1,0.26357160677342895,1,122
50,Tournament,TwoPoint,100,40,0.5,0.1,0.21400755783051253,1,62
60,Tournament,TwoPoint,100,20,0.6,0.05,0.1871624890158566,1,35
40,Tournament,TwoPoint,100,60,0.4,0.02,0.029005077888540554,0.1746082252804073,79
60,Tournament,TwoPoint,100,20,0.6,0.1,0.26358074778282936,1,35
50,Tournament,TwoPoint,100,40,0.6,0.02,0.04844026849985623,1,66
60,Tournament,TwoPoint,100,20,0.7,0.02,0.1489975317844504,1,37
40,Tournament,TwoPoint,100,60,0.4,0.05,0.04197792688054378,0.5273645692466788,80
70,Tournament,TwoPoint,80,100,0.7,0.02,0.10934084548134099,1,125
60,Tournament,TwoPoint,100,20,0.7,0.05,0.22971633179303289,1,37
50,Tournament,TwoPoint,100,40,0.6,0.05,0.1611877654027125,1,67
60,Tournament,TwoPoint,100,20,0.7,0.1,0.29028322661539274,1,37
40,Tournament,TwoPoint,100,60,0.4,0.1,0.12545035164473475,1,81
60,Tournament,TwoPoint,100,40,0.3,0.02,0.03527059785398177,0.987195722527086,49
50,Tournament,TwoPoint,100,40,0.6,0.1,0.2338346128087368,1,68
70,Tournament,TwoPoint,80,100,0.7,0.05,0.23402325220432915,1,127
60,Tournament,TwoPoint,100,40,0.3,0.05,0.10486671597024395,1,51
40,Tournament,TwoPoint,100,60,0.5,0.02,0.0266521382952048,0.0896993456834433,88
50,Tournament,TwoPoint,100,40,0.7,0.02,0.08032511003211872,1,72
60,Tournament,TwoPoint,100,40,0.3,0.1,0.19255991053908758,1,52
50,Tournament,TwoPoint,100,40,0.7,0.05,0.1997989925534411,1,73
40,Tournament,TwoPoint,100,60,0.5,0.05,0.06688341510660974,1,90
60,Tournament,TwoPoint,100,40,0.4,0.02,0.03123575778771821,0.7638947516532996,56
70,Tournament,TwoPoint,80,100,0.7,0.1,0.2791787591744946,1,128
70,Tournament,TwoPoint,100,20,0.3,0.02,0.07222691328145664,1,26
70,Tournament,TwoPoint,100,20,0.3,0.05,0.11753704411867733,1,27
60,Tournament,TwoPoint,100,40,0.4,0.05,0.12810677965110095,1,57
50,Tournament,TwoPoint,100,40,0.7,0.1,0.27079870492461217,1,73
70,Tournament,TwoPoint,100,20,0.3,0.1,0.197564760979189,1,27
40,Tournament,TwoPoint,100,60,0.5,0.1,0.14901264725224006,1,91
70,Tournament,TwoPoint,100,20,0.4,0.02,0.0889411964928978,1,30
60,Tournament,TwoPoint,100,40,0.4,0.1,0.21344752231321848,1,59
50,Tournament,TwoPoint,100,60,0.3,0.02,0.021729413322276687,0.19115980355119003,73
70,Tournament,TwoPoint,100,20,0.4,0.05,0.14619185390366266,1,30
70,Tournament,TwoPoint,100,20,0.4,0.1,0.2170765141097241,1,30
60,Tournament,TwoPoint,100,40,0.5,0.02,0.04785368460690866,1,63
40,Tournament,TwoPoint,100,60,0.6,0.02,0.025727053175485456,0.24691750855142788,98
50,Tournament,TwoPoint,100,60,0.3,0.05,0.06970250128141889,1,73
70,Tournament,TwoPoint,100,20,0.5,0.02,0.0990172175323526,1,33
70,Tournament,TwoPoint,100,20,0.5,0.05,0.1696931591577093,1,33
60,Tournament,TwoPoint,100,40,0.5,0.05,0.15136905598630954,1,64
70,Tournament,TwoPoint,100,20,0.5,0.1,0.23248899933139996,1,34
50,Tournament,TwoPoint,100,60,0.3,0.1,0.16948146248661244,1,76
40,Tournament,TwoPoint,100,60,0.6,0.05,0.09285671011542646,1,99
60,Tournament,TwoPoint,100,40,0.5,0.1,0.23908992519104674,1,65
70,Tournament,TwoPoint,100,20,0.6,0.02,0.12181165637365002,1,36
70,Tournament,TwoPoint,100,20,0.6,0.05,0.1951886527891424,1,36
50,Tournament,TwoPoint,100,60,0.4,0.02,0.022791206410710797,0.22100491122024934,82
60,Tournament,TwoPoint,100,40,0.6,0.02,0.06790520186392986,1,69
70,Tournament,TwoPoint,100,20,0.6,0.1,0.2593753971506923,1,36
40,Tournament,TwoPoint,100,60,0.6,0.1,0.17386249195567952,1,100
70,Tournament,TwoPoint,100,20,0.7,0.02,0.15038236317620451,1,38
60,Tournament,TwoPoint,100,40,0.6,0.05,0.1809905049372094,1,69
50,Tournament,TwoPoint,100,60,0.4,0.05,0.09156135428465875,1,82
70,Tournament,TwoPoint,100,20,0.7,0.05,0.2235341244346933,1,38
40,Tournament,TwoPoint,100,60,0.7,0.02,0.039489341745670536,1,104
70,Tournament,TwoPoint,100,20,0.7,0.1,0.278934815291596,1,39
60,Tournament,TwoPoint,100,40,0.6,0.1,0.26089123944954307,1,70
50,Tournament,TwoPoint,100,60,0.4,0.1,0.18951997976239476,1,84
70,Tournament,TwoPoint,100,40,0.3,0.02,0.029637047976005432,1,52
60,Tournament,TwoPoint,100,40,0.7,0.02,0.11464298740281258,1,73
40,Tournament,TwoPoint,100,60,0.7,0.05,0.1339825745894601,1,106
70,Tournament,TwoPoint,100,40,0.3,0.05,0.10287134405284021,1,53
50,Tournament,TwoPoint,100,60,0.5,0.02,0.03136990679855122,1,91
70,Tournament,TwoPoint,100,40,0.3,0.1,0.19285634009046393,1,54
60,Tournament,TwoPoint,100,40,0.7,0.05,0.22470697705756745,1,74
40,Tournament,TwoPoint,100,60,0.7,0.1,0.20071494039589807,1,107
50,Tournament,TwoPoint,100,60,0.5,0.05,0.11870746873079732,1,92
70,Tournament,TwoPoint,100,40,0.4,0.02,0.03587974763707813,1,59
60,Tournament,TwoPoint,100,40,0.7,0.1,0.2943730645041146,1,75
70,Tournament,TwoPoint,100,40,0.4,0.05,0.1266949297426758,1,60
40,Tournament,TwoPoint,100,80,0.3,0.02,0.025915917086036105,0.05872652091139486,92
50,Tournament,TwoPoint,100,60,0.5,0.1,0.2083823281194131,1,94
60,Tournament,TwoPoint,100,60,0.3,0.02,0.023642971226605212,0.27902068383284084,74
70,Tournament,TwoPoint,100,40,0.4,0.1,0.21508393550826502,1,61
40,Tournament,TwoPoint,100,80,0.3,0.05,0.03416829618029779,1,93
60,Tournament,TwoPoint,100,60,0.3,0.05,0.09517782000418064,1,76
70,Tournament,TwoPoint,100,40,0.5,0.02,0.058002504770743556,1,65
50,Tournament,TwoPoint,100,60,0.6,0.02,0.032742015821657346,0.42884127583787574,99
60,Tournament,TwoPoint,100,60,0.3,0.1,0.1914458780577177,1,78
70,Tournament,TwoPoint,100,40,0.5,0.05,0.1503221761639287,1,66
40,Tournament,TwoPoint,100,80,0.3,0.1,0.10796235795202408,1,96
50,Tournament,TwoPoint,100,60,0.6,0.05,0.14863945452964186,1,102
70,Tournament,TwoPoint,100,40,0.5,0.1,0.24153833624407933,1,67
60,Tournament,TwoPoint,100,60,0.4,0.02,0.026890315691376832,0.6352891515407345,84
40,Tournament,TwoPoint,100,80,0.4,0.02,0.028004597136052606,0.08225280407286611,106
70,Tournament,TwoPoint,100,40,0.6,0.02,0.07908470725459181,1,72
50,Tournament,TwoPoint,100,60,0.6,0.1,0.23798769926646815,1,104
60,Tournament,TwoPoint,100,60,0.4,0.05,0.1291692523414153,1,88
70,Tournament,TwoPoint,100,40,0.6,0.05,0.1745780482836724,1,73
40,Tournament,TwoPoint,100,80,0.4,0.05,0.044790720548332844,0.9773287725717922,110
50,Tournament,TwoPoint,100,60,0.7,0.02,0.07352001351745288,1,108
60,Tournament,TwoPoint,100,60,0.4,0.1,0.21237341712061059,1,88
70,Tournament,TwoPoint,100,40,0.6,0.1,0.2545236844284083,1,73
40,Tournament,TwoPoint,100,80,0.4,0.1,0.12765321753967268,1,109
60,Tournament,TwoPoint,100,60,0.5,0.02,0.035582204119212174,1,93
50,Tournament,TwoPoint,100,60,0.7,0.05,0.1988287439004913,1,109
70,Tournament,TwoPoint,100,40,0.7,0.02,0.12114975618950118,1,76
70,Tournament,TwoPoint,100,40,0.7,0.05,0.223268405120848,1,77
60,Tournament,TwoPoint,100,60,0.5,0.05,0.15434131182878955,1,95
40,Tournament,TwoPoint,100,80,0.5,0.02,0.029483213489903307,0.2242860552064275,117
50,Tournament,TwoPoint,100,60,0.7,0.1,0.2655630949058841,1,109
70,Tournament,TwoPoint,100,40,0.7,0.1,0.28164425600859283,1,78
60,Tournament,TwoPoint,100,60,0.5,0.1,0.23571517211331688,1,97
50,Tournament,TwoPoint,100,80,0.3,0.02,0.023388621441237444,0.16649576339791677,96
40,Tournament,TwoPoint,100,80,0.5,0.05,0.06656869654961346,1,120
70,Tournament,TwoPoint,100,60,0.3,0.02,0.017072919384446668,0.3674713685424734,77
60,Tournament,TwoPoint,100,60,0.6,0.02,0.06314991524252007,1,103
50,Tournament,TwoPoint,100,80,0.3,0.05,0.06349557423051251,1,98
70,Tournament,TwoPoint,100,60,0.3,0.05,0.10219438931028585,1,80
40,Tournament,TwoPoint,100,80,0.5,0.1,0.15758373669177744,1,121
60,Tournament,TwoPoint,100,60,0.6,0.05,0.17621869430094952,1,104
70,Tournament,TwoPoint,100,60,0.3,0.1,0.19076494687099277,1,81
50,Tournament,TwoPoint,100,80,0.3,0.1,0.16674846164151813,1,99
40,Tournament,TwoPoint,100,80,0.6,0.02,0.029728747433615935,0.3915360750934691,129
70,Tournament,TwoPoint,100,60,0.4,0.02,0.03579037945140639,1,88
60,Tournament,TwoPoint,100,60,0.6,0.1,0.25970816024277105,1,106
50,Tournament,TwoPoint,100,80,0.4,0.02,0.021386167202604375,0.1482000449772519,109
70,Tournament,TwoPoint,100,60,0.4,0.05,0.12564636125250883,1,89
40,Tournament,TwoPoint,100,80,0.6,0.05,0.09837244002883315,1,131
60,Tournament,TwoPoint,100,60,0.7,0.02,0.1128031501853805,1,111
50,Tournament,TwoPoint,100,80,0.4,0.05,0.08008338045948785,1,111
70,Tournament,TwoPoint,100,60,0.4,0.1,0.21516365898266263,1,91
60,Tournament,TwoPoint,100,60,0.7,0.05,0.21541618035907129,1,111
40,Tournament,TwoPoint,100,80,0.6,0.1,0.1852987712986294,1,131
50,Tournament,TwoPoint,100,80,0.4,0.1,0.19716288080450328,1,112
70,Tournament,TwoPoint,100,60,0.5,0.02,0.04375369718677363,1,97
60,Tournament,TwoPoint,100,60,0.7,0.1,0.287987238192149,1,113
50,Tournament,TwoPoint,100,80,0.5,0.02,0.02940075895725354,0.5476280425279292,121
70,Tournament,TwoPoint,100,60,0.5,0.05,0.15130510280840692,1,99
40,Tournament,TwoPoint,100,80,0.7,0.02,0.035344365683221454,1,139
60,Tournament,TwoPoint,100,80,0.3,0.02,0.021601492331792427,0.17081750386942451,99
70,Tournament,TwoPoint,100,60,0.5,0.1,0.2308629092903919,1,100
50,Tournament,TwoPoint,100,80,0.5,0.05,0.11702716742244677,1,123
40,Tournament,TwoPoint,100,80,0.7,0.05,0.13675858033981053,1,141
60,Tournament,TwoPoint,100,80,0.3,0.05,0.09946862314501675,1,101
70,Tournament,TwoPoint,100,60,0.6,0.02,0.0709878742326516,1,106
50,Tournament,TwoPoint,100,80,0.5,0.1,0.21868480412397384,1,125
60,Tournament,TwoPoint,100,80,0.3,0.1,0.18927352337610823,1,104
40,Tournament,TwoPoint,100,80,0.7,0.1,0.21208655737922136,1,143
70,Tournament,TwoPoint,100,60,0.6,0.05,0.1859033403537478,1,108
50,Tournament,TwoPoint,100,80,0.6,0.02,0.03296907939632138,0.4681850072858762,133
60,Tournament,TwoPoint,100,80,0.4,0.02,0.03234265164648325,1,113
40,Tournament,TwoPoint,100,100,0.3,0.02,0.025827981487733402,0.05852037784810894,116
70,Tournament,TwoPoint,100,60,0.6,0.1,0.25540949322376666,1,110
60,Tournament,TwoPoint,100,80,0.4,0.05,0.12339808754662515,1,115
50,Tournament,TwoPoint,100,80,0.6,0.05,0.155340493135249,1,135
40,Tournament,TwoPoint,100,100,0.3,0.05,0.025290290343259955,0.34098321533688647,118
70,Tournament,TwoPoint,100,60,0.7,0.02,0.10850154474372604,1,115
60,Tournament,TwoPoint,100,80,0.4,0.1,0.21204440051019768,1,116
40,Tournament,TwoPoint,100,100,0.3,0.1,0.10683207259633067,1,119
50,Tournament,TwoPoint,100,80,0.6,0.1,0.24358210845561135,1,136
70,Tournament,TwoPoint,100,60,0.7,0.05,0.21671090957744543,1,116
60,Tournament,TwoPoint,100,80,0.5,0.02,0.037711378571686084,1,124
40,Tournament,TwoPoint,100,100,0.4,0.02,0.029845576037212627,0.19879086787049557,131
70,Tournament,TwoPoint,100,60,0.7,0.1,0.2879936155629604,1,117
50,Tournament,TwoPoint,100,80,0.7,0.02,0.07577098993424057,1,143
60,Tournament,TwoPoint,100,80,0.5,0.05,0.15206088212368143,1,127
70,Tournament,TwoPoint,100,80,0.3,0.02,0.028563516648070046,1,103
40,Tournament,TwoPoint,100,100,0.4,0.05,0.04597154771637448,1,135
50,Tournament,TwoPoint,100,80,0.7,0.05,0.19732279160628952,1,146
70,Tournament,TwoPoint,100,80,0.3,0.05,0.09678378667328438,1,106
60,Tournament,TwoPoint,100,80,0.5,0.1,0.235865181312158,1,129
40,Tournament,TwoPoint,100,100,0.4,0.1,0.12410510782601153,1,136
50,Tournament,TwoPoint,100,80,0.7,0.1,0.2698593556181787,1,147
70,Tournament,TwoPoint,100,80,0.3,0.1,0.19086790471986684,1,110
60,Tournament,TwoPoint,100,80,0.6,0.02,0.06716058388638838,1,137
40,Tournament,TwoPoint,100,100,0.5,0.02,0.030203449924526282,0.1746082252804073,148
50,Tournament,TwoPoint,100,100,0.3,0.02,0.0210654393011145,0.12790760429596848,119
70,Tournament,TwoPoint,100,80,0.4,0.02,0.025652132628305836,1,117
60,Tournament,TwoPoint,100,80,0.6,0.05,0.1778214947639025,1,139
50,Tournament,TwoPoint,100,100,0.3,0.05,0.06308539624649684,1,122
70,Tournament,TwoPoint,100,80,0.4,0.05,0.12033528484806853,1,120
40,Tournament,TwoPoint,100,100,0.5,0.05,0.0569177541195677,0.5390979237928566,149
60,Tournament,TwoPoint,100,80,0.6,0.1,0.26370436288776766,1,141
50,Tournament,TwoPoint,100,100,0.3,0.1,0.1695411782706521,1,125
70,Tournament,TwoPoint,100,80,0.4,0.1,0.2078966676237739,1,122
40,Tournament,TwoPoint,100,100,0.5,0.1,0.1504458539697648,1,152
60,Tournament,TwoPoint,100,80,0.7,0.02,0.11217281199148676,1,148
70,Tournament,TwoPoint,100,80,0.5,0.02,0.04590121377119912,1,130
50,Tournament,TwoPoint,100,100,0.4,0.02,0.021107071222977076,0.0798747908683685,136
40,Tournament,TwoPoint,100,100,0.6,0.02,0.02921582785392345,0.3252531298319118,162
60,Tournament,TwoPoint,100,80,0.7,0.05,0.22454423187787662,1,150
70,Tournament,TwoPoint,100,80,0.5,0.05,0.15234375854882684,1,133
50,Tournament,TwoPoint,100,100,0.4,0.05,0.08915381923838497,1,139
40,Tournament,TwoPoint,100,100,0.6,0.05,0.09691437921473532,1,164
70,Tournament,TwoPoint,100,80,0.5,0.1,0.23471804250553863,1,134
60,Tournament,TwoPoint,100,80,0.7,0.1,0.2940934508587277,1,151
50,Tournament,TwoPoint,100,100,0.4,0.1,0.1956511608178692,1,140
40,Tournament,TwoPoint,100,100,0.6,0.1,0.17588984787312495,1,165
60,Tournament,TwoPoint,100,100,0.3,0.02,0.03414543216656925,1,123
70,Tournament,TwoPoint,100,80,0.6,0.02,0.06662999473983379,1,142
50,Tournament,TwoPoint,100,100,0.5,0.02,0.02620324082035906,0.2864906832298137,152
60,Tournament,TwoPoint,100,100,0.3,0.05,0.09367430536524532,1,127
70,Tournament,TwoPoint,100,80,0.6,0.05,0.18178003905394077,1,144
40,Tournament,TwoPoint,100,100,0.7,0.02,0.038708748699632936,1,177
50,Tournament,TwoPoint,100,100,0.5,0.05,0.12179834872464206,1,156
60,Tournament,TwoPoint,100,100,0.3,0.1,0.19092366052721083,1,133
70,Tournament,TwoPoint,100,80,0.6,0.1,0.25839719137889816,1,148
50,Tournament,TwoPoint,100,100,0.5,0.1,0.21683472871942985,1,159
40,Tournament,TwoPoint,100,100,0.7,0.05,0.13571274499267777,1,183
60,Tournament,TwoPoint,100,100,0.4,0.02,0.026214817806958206,0.6181229773462783,143
70,Tournament,TwoPoint,100,80,0.7,0.02,0.10805661393973016,1,156
50,Tournament,TwoPoint,100,100,0.6,0.02,0.04423187437126729,1,169
40,Tournament,TwoPoint,100,100,0.7,0.1,0.20750478818832346,1,181
60,Tournament,TwoPoint,100,100,0.4,0.05,0.12266632121253254,1,143
70,Tournament,TwoPoint,100,80,0.7,0.05,0.21362608085569942,1,141
50,Tournament,TwoPoint,100,100,0.6,0.05,0.1613250563288834,1,145
60,Tournament,TwoPoint,100,100,0.4,0.1,0.2170295495197024,1,123
70,Tournament,TwoPoint,100,80,0.7,0.1,0.28602836717596863,1,123
60,Tournament,TwoPoint,100,100,0.5,0.02,0.03532597067177546,1,130
50,Tournament,TwoPoint,100,100,0.6,0.1,0.23797830697718914,1,142
70,Tournament,TwoPoint,100,100,0.3,0.02,0.01737106579632346,0.35002073828287017,100
70,Tournament,TwoPoint,100,100,0.3,0.05,0.09795358256179237,1,104
60,Tournament,TwoPoint,100,100,0.5,0.05,0.1539752280322631,1,132
50,Tournament,TwoPoint,100,100,0.7,0.02,0.07590238610778462,1,149
70,Tournament,TwoPoint,100,100,0.3,0.1,0.19457459519067646,1,106
60,Tournament,TwoPoint,100,100,0.5,0.1,0.23253185841280724,1,135
50,Tournament,TwoPoint,100,100,0.7,0.05,0.2044488464316032,1,151
70,Tournament,TwoPoint,100,100,0.4,0.02,0.03376023744661422,1,114
60,Tournament,TwoPoint,100,100,0.6,0.02,0.05700677058096086,1,142
50,Tournament,TwoPoint,100,100,0.7,0.1,0.26946185360471625,1,153
70,Tournament,TwoPoint,100,100,0.4,0.05,0.12444147336573645,1,117
60,Tournament,TwoPoint,100,100,0.6,0.05,0.1887335739309904,1,120
70,Tournament,TwoPoint,100,100,0.4,0.1,0.21474205180922984,1,96
60,Tournament,TwoPoint,100,100,0.6,0.1,0.2502206512663344,1,109
70,Tournament,TwoPoint,100,100,0.5,0.02,0.041595092633377684,1,99
60,Tournament,TwoPoint,100,100,0.7,0.02,0.10629185817547829,1,114
70,Tournament,TwoPoint,100,100,0.5,0.05,0.1455548921780732,1,103
70,Tournament,TwoPoint,100,100,0.5,0.1,0.2328015972272372,1,104
60,Tournament,TwoPoint,100,100,0.7,0.05,0.21825341404977727,1,116
70,Tournament,TwoPoint,100,100,0.6,0.02,0.06691045347180893,1,109
60,Tournament,TwoPoint,100,100,0.7,0.1,0.28671813326675216,1,118
70,Tournament,TwoPoint,100,100,0.6,0.05,0.18157181159143673,1,102
70,Tournament,TwoPoint,100,100,0.6,0.1,0.25421346424102476,1,100
70,Tournament,TwoPoint,100,100,0.7,0.02,0.10723770359383565,1,103
70,Tournament,TwoPoint,100,100,0.7,0.05,0.21816235995382932,1,106
70,Tournament,TwoPoint,100,100,0.7,0.1,0.2794490889409201,1,106
